,LOCATION,YEAR,Cooling_degree_days,Heating_degree_days,PDSI,PHDI,Palmer-Z-index,Crop Moisture Stress Index (CMSI)
0,ALABAMA,1996,1717,2997,1.8325,1.8325,0.31,8.025
1,ARIZONA,1996,3074,1746,-4.1375,-4.1375,-1.63,8.025
2,ARKANSAS,1996,1595,3734,-0.0008333333333332416,-0.5041666666666665,0.46,8.025
3,CALIFORNIA,1996,941,2648,2.4599999999999995,2.4599999999999995,1.04,8.025
4,COLORADO,1996,272,7193,1.4366666666666663,1.4366666666666663,0.35,8.025
5,CONNECTICUT,1996,466,6273,2.060833333333333,2.060833333333333,1.25,8.025
6,DELAWARE,1996,892,5015,2.5308333333333337,2.09,1.65,8.025
7,FLORIDA,1996,3218,799,0.6291666666666667,1.3333333333333333,0.12,8.025
8,GEORGIA,1996,1555,3204,0.10250000000000002,-0.061666666666666536,-0.2,8.025
9,IDAHO,1996,416,7087,3.4716666666666662,3.4716666666666662,1.0,8.025
10,ILLINOIS,1996,698,6879,0.6316666666666667,0.5016666666666666,0.35,8.025
11,INDIANA,1996,753,6311,1.5558333333333332,1.5558333333333332,1.22,8.025
12,IOWA,1996,617,7749,0.68,0.68,0.61,8.025
13,KANSAS,1996,1259,5418,0.2583333333333333,-0.009166666666666878,0.33,8.025
14,KENTUCKY,1996,1034,4897,1.9175,1.9175,1.35,8.025
15,LOUISIANA,1996,2444,1803,-0.17500000000000004,-0.6683333333333334,-0.22,8.025
16,MAINE,1996,161,8068,2.766666666666667,2.766666666666667,1.25,8.025
17,MARYLAND,1996,892,5135,3.2299999999999986,3.2299999999999986,1.94,8.025
18,MASSACHUSETTS,1996,392,6535,2.8441666666666663,2.8441666666666663,1.62,8.025
19,MICHIGAN,1996,446,7510,1.2433333333333334,1.3208333333333333,0.86,8.025
20,MINNESOTA,1996,361,9868,2.625,2.625,0.8,8.025
21,MISSISSIPPI,1996,1972,2604,0.08750000000000001,-0.05083333333333332,-0.08,8.025
22,MISSOURI,1996,1057,5625,0.8441666666666666,0.5983333333333333,0.71,8.025
23,MONTANA,1996,194,9541,3.635,3.635,0.93,8.025
24,NEBRASKA,1996,765,7180,2.504166666666667,2.504166666666667,0.9,8.025
25,NEVADA,1996,2256,3291,-0.2783333333333334,1.606666666666667,0.21,8.025
26,NEW HAMPSHIRE,1996,236,7804,3.0558333333333336,3.0558333333333336,1.44,8.025
27,NEW JERSEY,1996,647,5679,2.45,2.45,1.53,8.025
28,NEW MEXICO,1996,997,4384,-0.8316666666666667,-2.7383333333333333,-0.77,8.025
29,NEW YORK,1996,465,6515,2.8716666666666666,2.8716666666666666,1.64,8.025
30,NORTH CAROLINA,1996,1281,3824,2.055833333333333,2.055833333333333,0.97,8.025
31,NORTH DAKOTA,1996,414,10810,4.755833333333333,4.755833333333333,1.32,8.025
32,OHIO,1996,637,6320,2.458333333333333,2.458333333333333,1.46,8.025
33,OKLAHOMA,1996,1766,3882,0.048333333333333305,-0.19333333333333325,0.26,8.025
34,OREGON,1996,243,5387,3.398333333333334,3.398333333333334,1.56,8.025
35,PENNSYLVANIA,1996,536,6278,3.285833333333333,3.285833333333333,2.0,8.025
36,RHODE ISLAND,1996,414,6186,1.6575,1.6575,1.11,8.025
37,SOUTH CAROLINA,1996,1752,2970,-0.07333333333333329,1.0008333333333337,-0.1,8.025
38,SOUTH DAKOTA,1996,552,8920,5.694166666666668,5.694166666666668,1.98,8.025
39,TENNESSEE,1996,1211,4231,2.0258333333333334,2.0258333333333334,1.14,8.025
40,TEXAS,1996,2735,1918,-1.4008333333333332,-2.8575,-1.1,8.025
41,UTAH,1996,529,7024,-0.9716666666666668,-0.6441666666666666,-0.34,8.025
42,VERMONT,1996,176,8316,2.7608333333333333,2.7608333333333333,1.27,8.025
43,VIRGINIA,1996,915,4790,2.6425,2.6425,1.68,8.025
44,WASHINGTON,1996,160,6073,2.7191666666666663,2.7191666666666663,1.19,8.025
45,WEST VIRGINIA,1996,642,5603,3.3341666666666665,3.3341666666666665,2.04,8.025
46,WISCONSIN,1996,370,8556,1.9675,1.9675,0.69,8.025
47,WYOMING,1996,250,8656,3.5341666666666662,3.5341666666666662,0.8,8.025
48,ALABAMA,1997,1640,2849,1.9266666666666663,1.9266666666666663,0.87,8.56
49,ARIZONA,1997,3033,2040,-1.8641666666666663,-3.1491666666666664,-0.52,8.56
50,ARKANSAS,1997,1558,3637,2.1666666666666665,2.1666666666666665,0.32,8.56
51,CALIFORNIA,1997,960,2664,-0.8683333333333333,-0.6641666666666665,-0.55,8.56
52,COLORADO,1997,262,7457,3.119166666666666,3.119166666666666,1.59,8.56
53,CONNECTICUT,1997,440,6145,-0.1891666666666667,0.9125,-0.41,8.56
54,DELAWARE,1997,846,4719,-0.38916666666666666,1.5691666666666662,-0.29,8.56
55,FLORIDA,1997,3467,578,0.4241666666666665,0.5775,0.73,8.56
56,GEORGIA,1997,1428,2899,0.8541666666666666,0.8541666666666666,0.92,8.56
57,IDAHO,1997,397,6969,3.191666666666667,3.191666666666667,0.42,8.56
58,ILLINOIS,1997,702,6521,-0.17750000000000002,0.3374999999999999,-0.06,8.56
59,INDIANA,1997,680,6086,1.8191666666666668,2.5800000000000005,0.26,8.56
60,IOWA,1997,722,7174,0.4000000000000001,0.7616666666666668,-0.04,8.56
61,KANSAS,1997,1263,5154,2.6308333333333342,2.6308333333333342,1.17,8.56
62,KENTUCKY,1997,946,4794,1.2641666666666669,2.9124999999999988,0.23,8.56
63,LOUISIANA,1997,2471,1832,1.635833333333333,1.635833333333333,0.53,8.56
64,MAINE,1997,185,8344,0.7825000000000001,1.3908333333333338,-0.19,8.56
65,MARYLAND,1997,869,4787,-0.6175,1.3949999999999998,-0.47,8.56
66,MASSACHUSETTS,1997,381,6498,-0.36833333333333335,1.241666666666667,-0.48,8.56
67,MICHIGAN,1997,385,7251,0.36999999999999983,1.6283333333333336,-0.09,8.56
68,MINNESOTA,1997,385,8881,2.5083333333333333,2.5083333333333333,0.32,8.56
69,MISSISSIPPI,1997,1928,2589,1.805,1.805,0.86,8.56
70,MISSOURI,1997,1086,5357,1.7575000000000005,1.7575000000000005,0.2,8.56
71,MONTANA,1997,160,8752,2.38,3.495,0.85,8.56
72,NEBRASKA,1997,922,6556,2.555,2.555,0.65,8.56
73,NEVADA,1997,2081,3449,0.16166666666666665,0.87,0.15,8.56
74,NEW HAMPSHIRE,1997,200,7961,2.316666666666667,2.316666666666667,0.08,8.56
75,NEW JERSEY,1997,606,5471,2.004166666666666,2.004166666666666,-0.2,8.56
76,NEW MEXICO,1997,911,4905,1.3716666666666668,0.9066666666666666,0.87,8.56
77,NEW YORK,1997,445,6391,2.48,2.48,0.04,8.56
78,NORTH CAROLINA,1997,1148,3585,0.625,0.7716666666666666,-0.2,8.56
79,NORTH DAKOTA,1997,475,9399,3.750833333333333,3.750833333333333,0.5,8.56
80,OHIO,1997,537,6077,2.8216666666666668,2.8216666666666668,0.46,8.56
81,OKLAHOMA,1997,1654,3826,3.2433333333333327,3.2433333333333327,1.1,8.56
82,OREGON,1997,216,5228,3.115,3.115,0.15,8.56
83,PENNSYLVANIA,1997,478,6049,2.265833333333333,2.265833333333333,-0.25,8.56
84,RHODE ISLAND,1997,429,6082,-0.16833333333333333,0.4383333333333333,-0.51,8.56
85,SOUTH CAROLINA,1997,1598,2685,1.2033333333333334,1.2033333333333334,0.91,8.56
86,SOUTH DAKOTA,1997,635,7988,7.185833333333334,7.185833333333334,1.83,8.56
87,TENNESSEE,1997,1127,4045,3.3775,3.3775,0.67,8.56
88,TEXAS,1997,2518,2151,2.803333333333333,2.4091666666666667,1.35,8.56
89,UTAH,1997,421,7284,3.0483333333333333,3.0483333333333333,1.37,8.56
90,VERMONT,1997,132,8585,2.3091666666666666,2.3091666666666666,0.35,8.56
91,VIRGINIA,1997,866,4526,-0.5208333333333334,1.1641666666666668,-0.49,8.56
92,WASHINGTON,1997,179,5531,3.613333333333333,4.443333333333333,1.26,8.56
93,WEST VIRGINIA,1997,563,5434,2.3683333333333336,2.3683333333333336,-0.11,8.56
94,WISCONSIN,1997,362,7900,1.535,1.535,0.15,8.56
95,WYOMING,1997,217,8565,4.110833333333333,4.110833333333333,1.33,8.56
96,ALABAMA,1998,2244,2409,0.5149999999999999,1.1933333333333334,-0.12,6.24
97,ARIZONA,1998,2648,2291,1.3683333333333332,2.311666666666666,1.05,6.24
98,ARKANSAS,1998,2234,3050,-0.8799999999999999,-0.7458333333333332,-0.54,6.24
99,CALIFORNIA,1998,780,3407,4.636666666666666,5.045833333333333,2.42,6.24
100,COLORADO,1998,319,6972,3.1791666666666667,3.3925000000000005,0.55,6.24
101,CONNECTICUT,1998,581,5238,0.22416666666666665,0.8891666666666665,0.17,6.24
102,DELAWARE,1998,1107,3965,-0.6283333333333333,1.480297366166875e-16,-0.64,6.24
103,FLORIDA,1998,3826,558,-0.8866666666666664,-0.13916666666666647,-0.5,6.24
104,GEORGIA,1998,2007,2504,0.08500000000000013,0.985,-0.33,6.24
105,IDAHO,1998,570,6762,2.2550000000000003,2.2550000000000003,0.88,6.24
106,ILLINOIS,1998,1032,5162,1.4,1.3083333333333331,0.62,6.24
107,INDIANA,1998,1022,4782,0.34,0.9291666666666666,0.41,6.24
108,IOWA,1998,935,5985,1.795,1.795,0.98,6.24
109,KANSAS,1998,1693,4576,3.0508333333333333,3.0508333333333333,0.89,6.24
110,KENTUCKY,1998,1367,3857,-0.4583333333333333,-0.2091666666666667,-0.1,6.24
111,LOUISIANA,1998,3046,1518,0.2933333333333332,-0.19083333333333352,-0.01,6.24
112,MAINE,1998,218,7179,0.475,0.8616666666666667,0.24,6.24
113,MARYLAND,1998,1167,3969,0.008333333333333378,0.4183333333333332,-0.54,6.24
114,MASSACHUSETTS,1998,481,5560,0.3433333333333333,1.34,0.33,6.24
115,MICHIGAN,1998,665,5771,-1.8083333333333331,-1.9575,-1.26,6.24
116,MINNESOTA,1998,515,7415,0.9908333333333336,1.2483333333333333,0.46,6.24
117,MISSISSIPPI,1998,2530,2138,-0.7041666666666667,-0.1925,-0.46,6.24
118,MISSOURI,1998,1464,4476,2.129166666666667,2.129166666666667,1.09,6.24
119,MONTANA,1998,280,8254,-0.26833333333333337,0.26833333333333337,0.07,6.24
120,NEBRASKA,1998,1117,5882,3.225,3.225,1.24,6.24
121,NEVADA,1998,1757,3928,3.882499999999999,5.031666666666666,2.89,6.24
122,NEW HAMPSHIRE,1998,277,6754,0.18916666666666668,1.115833333333333,0.22,6.24
123,NEW JERSEY,1998,835,4539,-0.31000000000000005,-0.1325000000000002,-0.67,6.24
124,NEW MEXICO,1998,990,4617,0.6325,1.3825,0.2,6.24
125,NEW YORK,1998,588,5349,0.8108333333333334,1.3358333333333337,-0.04,6.24
126,NORTH CAROLINA,1998,1616,3038,0.04749999999999995,0.6650000000000001,-0.03,6.24
127,NORTH DAKOTA,1998,529,8461,0.6541666666666667,1.5991666666666664,0.78,6.24
128,OHIO,1998,841,4858,0.5233333333333333,1.2041666666666668,-0.1,6.24
129,OKLAHOMA,1998,2454,3377,0.5241666666666664,1.1375000000000002,0.1,6.24
130,OREGON,1998,293,5277,2.4600000000000004,2.4600000000000004,1.06,6.24
131,PENNSYLVANIA,1998,684,4946,-0.04333333333333352,0.28750000000000003,-0.71,6.24
132,RHODE ISLAND,1998,538,5237,0.7549999999999999,2.396666666666667,0.87,6.24
133,SOUTH CAROLINA,1998,2157,2312,0.4650000000000002,2.2566666666666664,0.0,6.24
134,SOUTH DAKOTA,1998,744,7088,4.985,4.985,1.72,6.24
135,TENNESSEE,1998,1635,3345,1.0875,1.7233333333333334,0.35,6.24
136,TEXAS,1998,3192,1733,0.5358333333333332,0.05166666666666669,-0.19,6.24
137,UTAH,1998,470,7251,4.2091666666666665,4.2091666666666665,1.48,6.24
138,VERMONT,1998,202,7196,1.7466666666666664,2.385,0.6,6.24
139,VIRGINIA,1998,1214,3786,0.13416666666666668,0.6183333333333333,-0.18,6.24
140,WASHINGTON,1998,264,5311,-0.5008333333333334,1.3350000000000002,0.16,6.24
141,WEST VIRGINIA,1998,826,4497,-0.165,0.5908333333333333,-0.37,6.24
142,WISCONSIN,1998,599,6420,0.045833333333333386,0.3458333333333332,-0.22,6.24
143,WYOMING,1998,297,8141,3.8825,3.8825,1.46,6.24
144,ALABAMA,1999,1961,2452,-0.8474999999999998,-0.8633333333333333,-0.59,19.03
145,ARIZONA,1999,2818,1851,-1.2725000000000002,-1.4075,-1.09,19.03
146,ARKANSAS,1999,1810,2973,-1.6416666666666664,-1.6416666666666664,-0.72,19.03
147,CALIFORNIA,1999,699,3053,-0.1741666666666667,2.035833333333333,-0.45,19.03
148,COLORADO,1999,265,6770,1.0316666666666667,2.233333333333334,0.58,19.03
149,CONNECTICUT,1999,708,5617,0.007499999999999997,-0.7916666666666666,-0.16,19.03
150,DELAWARE,1999,1154,4385,-1.2775,-2.228333333333333,-0.07,19.03
151,FLORIDA,1999,3438,629,-2.555,-2.555,-0.45,19.03
152,GEORGIA,1999,1708,2639,-3.0725,-3.0725,-1.07,19.03
153,IDAHO,1999,365,6908,0.10249999999999987,1.3816666666666668,-0.17,19.03
154,ILLINOIS,1999,940,5814,0.08250000000000003,0.3083333333333331,-0.42,19.03
155,INDIANA,1999,991,5412,-1.36,-1.17,-1.07,19.03
156,IOWA,1999,819,6371,0.9208333333333334,1.5466666666666666,0.1,19.03
157,KANSAS,1999,1351,4429,2.8025,3.630833333333334,0.82,19.03
158,KENTUCKY,1999,1306,4143,-2.7675,-2.7675,-1.38,19.03
159,LOUISIANA,1999,2728,1468,-1.4383333333333332,-1.1458333333333333,-0.98,19.03
160,MAINE,1999,336,7159,0.0341666666666666,0.0341666666666666,0.09,19.03
161,MARYLAND,1999,1143,4469,-1.8625,-2.9891666666666663,-0.21,19.03
162,MASSACHUSETTS,1999,605,5841,-0.33,-0.41,-0.21,19.03
163,MICHIGAN,1999,635,6509,-2.588333333333334,-2.588333333333334,-0.45,19.03
164,MINNESOTA,1999,482,7874,2.5000000000000004,2.5000000000000004,0.93,19.03
165,MISSISSIPPI,1999,2226,2144,-1.7349999999999997,-1.7349999999999997,-0.75,19.03
166,MISSOURI,1999,1251,4561,0.3391666666666664,0.6774999999999997,-0.61,19.03
167,MONTANA,1999,154,8086,0.6974999999999999,0.9141666666666668,0.09,19.03
168,NEBRASKA,1999,913,5734,2.1958333333333337,3.351666666666667,0.52,19.03
169,NEVADA,1999,1870,3377,-1.2099999999999995,1.7441666666666666,-0.94,19.03
170,NEW HAMPSHIRE,1999,370,7064,-0.335,-0.17499999999999996,-0.14,19.03
171,NEW JERSEY,1999,952,5056,-1.6966666666666663,-2.4291666666666663,-0.21,19.03
172,NEW MEXICO,1999,793,4347,-0.25583333333333336,-0.09249999999999996,-0.32,19.03
173,NEW YORK,1999,703,5829,-1.0299999999999998,-1.9341666666666664,-0.54,19.03
174,NORTH CAROLINA,1999,1371,3215,-1.194166666666667,-0.7200000000000002,0.13,19.03
175,NORTH DAKOTA,1999,397,8454,4.3983333333333325,4.3983333333333325,1.56,19.03
176,OHIO,1999,862,5537,-2.4258333333333337,-2.4258333333333337,-1.28,19.03
177,OKLAHOMA,1999,1854,3077,0.8658333333333332,1.7591666666666672,0.39,19.03
178,OREGON,1999,152,5467,-0.08750000000000001,1.4891666666666663,-0.16,19.03
179,PENNSYLVANIA,1999,764,5591,-1.905,-2.7025,-0.41,19.03
180,RHODE ISLAND,1999,663,5466,-0.10416666666666664,-0.44666666666666655,-0.24,19.03
181,SOUTH CAROLINA,1999,1843,2473,-2.166666666666667,-2.166666666666667,-0.39,19.03
182,SOUTH DAKOTA,1999,649,6884,6.1241666666666665,6.1241666666666665,1.53,19.03
183,TENNESSEE,1999,1448,3493,-1.0691666666666666,-0.9733333333333332,-0.77,19.03
184,TEXAS,1999,2832,1511,0.061666666666666675,0.18583333333333335,-0.62,19.03
185,UTAH,1999,416,6891,1.4625,2.1958333333333333,-0.14,19.03
186,VERMONT,1999,286,7615,-0.2433333333333332,-0.7975,-0.44,19.03
187,VIRGINIA,1999,1099,4140,-2.1108333333333333,-2.920833333333333,-0.36,19.03
188,WASHINGTON,1999,119,5766,1.7750000000000004,2.4441666666666664,0.64,19.03
189,WEST VIRGINIA,1999,843,4962,-3.7591666666666663,-3.7591666666666663,-1.16,19.03
190,WISCONSIN,1999,567,7073,0.07583333333333331,0.031666666666666544,0.22,19.03
191,WYOMING,1999,232,7844,3.3425,4.245833333333335,0.55,19.03
192,ALABAMA,2000,2056,2797,-3.018333333333333,-3.7675,-1.42,11.04
193,ARIZONA,2000,3156,1973,-2.5341666666666667,-3.545833333333333,-1.08,11.04
194,ARKANSAS,2000,1901,3532,-2.060833333333333,-2.5083333333333333,-0.52,11.04
195,CALIFORNIA,2000,832,2832,-0.5191666666666667,-1.1149999999999998,-0.38,11.04
196,COLORADO,2000,417,6878,-2.316666666666666,-1.711666666666667,-0.9,11.04
197,CONNECTICUT,2000,360,6112,0.6316666666666666,0.4108333333333334,0.32,11.04
198,DELAWARE,2000,869,4741,0.985,1.195,0.4,11.04
199,FLORIDA,2000,3350,719,-3.623333333333333,-3.623333333333333,-1.78,11.04
200,GEORGIA,2000,1711,3037,-3.81,-3.81,-1.03,11.04
201,IDAHO,2000,478,6934,-2.178333333333333,-2.178333333333333,-0.85,11.04
202,ILLINOIS,2000,809,6120,-0.00999999999999986,-0.4333333333333333,0.3,11.04
203,INDIANA,2000,793,5810,-0.2,-1.1299999999999997,0.6,11.04
204,IOWA,2000,808,6719,-1.0633333333333332,-2.024166666666667,-0.5,11.04
205,KANSAS,2000,1680,4928,-0.2966666666666668,0.33916666666666684,-0.28,11.04
206,KENTUCKY,2000,1137,4574,-2.5708333333333333,-2.5708333333333333,-0.18,11.04
207,LOUISIANA,2000,2788,1736,-3.2608333333333333,-3.940833333333333,-1.09,11.04
208,MAINE,2000,120,7966,0.21416666666666653,0.9066666666666666,0.09,11.04
209,MARYLAND,2000,876,4764,0.7408333333333333,0.4000000000000001,0.27,11.04
210,MASSACHUSETTS,2000,298,6366,0.7141666666666667,1.15,0.69,11.04
211,MICHIGAN,2000,431,6783,-0.1891666666666668,-0.9516666666666668,0.28,11.04
212,MINNESOTA,2000,395,8451,1.7125,1.7125,0.57,11.04
213,MISSISSIPPI,2000,2330,2523,-3.099166666666667,-3.798333333333333,-1.22,11.04
214,MISSOURI,2000,1315,5066,-1.5741666666666667,-2.730833333333333,-0.7,11.04
215,MONTANA,2000,219,8634,-2.785,-2.785,-1.38,11.04
216,NEBRASKA,2000,1125,6224,-1.4041666666666666,-1.5133333333333336,-0.76,11.04
217,NEVADA,2000,2235,3400,-2.5516666666666667,-2.5516666666666667,-0.65,11.04
218,NEW HAMPSHIRE,2000,137,7694,0.6308333333333332,1.205,0.68,11.04
219,NEW JERSEY,2000,604,5407,-0.2,-0.2958333333333332,0.12,11.04
220,NEW MEXICO,2000,1116,4357,-2.0275,-3.056666666666666,-0.89,11.04
221,NEW YORK,2000,376,6311,1.3241666666666665,1.5016666666666667,1.06,11.04
222,NORTH CAROLINA,2000,1332,3663,-0.9533333333333333,-0.5716666666666668,-0.48,11.04
223,NORTH DAKOTA,2000,411,9139,3.271666666666667,3.271666666666667,1.19,11.04
224,OHIO,2000,618,5867,-0.011666666666666622,-1.0691666666666668,0.56,11.04
225,OKLAHOMA,2000,2042,3699,0.21666666666666665,-0.2675,0.37,11.04
226,OREGON,2000,154,5465,-1.5358333333333334,-1.5358333333333334,-0.65,11.04
227,PENNSYLVANIA,2000,483,5924,0.02416666666666667,-0.9558333333333332,0.02,11.04
228,RHODE ISLAND,2000,356,6003,0.6908333333333333,0.6691666666666666,0.44,11.04
229,SOUTH CAROLINA,2000,1877,2919,-1.9883333333333333,-1.9883333333333333,-0.71,11.04
230,SOUTH DAKOTA,2000,718,7581,2.705,2.705,0.25,11.04
231,TENNESSEE,2000,1427,3930,-2.497499999999999,-2.497499999999999,-0.73,11.04
232,TEXAS,2000,3002,1812,-2.61,-3.775,-0.87,11.04
233,UTAH,2000,616,6796,-2.6699999999999995,-2.6699999999999995,-0.73,11.04
234,VERMONT,2000,105,8301,1.9525,1.8066666666666664,1.0,11.04
235,VIRGINIA,2000,948,4491,-0.03416666666666668,-0.5558333333333333,-0.08,11.04
236,WASHINGTON,2000,114,5905,-0.37333333333333335,-0.03166666666666665,-0.65,11.04
237,WEST VIRGINIA,2000,668,5256,-0.7941666666666666,-1.8291666666666664,-0.04,11.04
238,WISCONSIN,2000,428,7436,0.35999999999999993,0.2391666666666666,0.45,11.04
239,WYOMING,2000,348,8206,-3.4400000000000013,-2.981666666666667,-1.46,11.04
240,ALABAMA,2001,1717,2649,1.0375,0.0625000000000001,0.52,7.81
241,ARIZONA,2001,3200,2114,-0.10249999999999997,-0.8066666666666666,-0.48,7.81
242,ARKANSAS,2001,1796,3293,-0.04333333333333343,-0.3333333333333334,0.27,7.81
243,CALIFORNIA,2001,933,2965,-2.418333333333333,-2.418333333333333,-0.63,7.81
244,COLORADO,2001,398,6880,-2.6758333333333333,-2.6758333333333333,-0.97,7.81
245,CONNECTICUT,2001,570,5673,-0.9516666666666668,-0.9516666666666668,-0.85,7.81
246,DELAWARE,2001,1002,4356,-0.57,-0.0658333333333333,-0.46,7.81
247,FLORIDA,2001,3375,635,-3.1833333333333336,-3.1833333333333336,-0.44,7.81
248,GEORGIA,2001,1535,2679,-2.185833333333333,-2.185833333333333,-0.78,7.81
249,IDAHO,2001,543,6880,-3.9791666666666665,-3.9791666666666665,-1.34,7.81
250,ILLINOIS,2001,878,5732,0.665,0.56,0.45,7.81
251,INDIANA,2001,857,5261,0.8391666666666667,1.1933333333333334,0.75,7.81
252,IOWA,2001,819,6532,0.2066666666666667,0.7666666666666665,0.3,7.81
253,KANSAS,2001,1584,4633,0.6158333333333333,0.8533333333333334,0.2,7.81
254,KENTUCKY,2001,1141,4219,-0.3958333333333333,-1.1433333333333329,0.03,7.81
255,LOUISIANA,2001,2510,1663,1.3266666666666669,0.6875,0.88,7.81
256,MAINE,2001,263,7563,-3.293333333333333,-3.293333333333333,-2.01,7.81
257,MARYLAND,2001,973,4425,-0.7883333333333334,-0.9725,-0.85,7.81
258,MASSACHUSETTS,2001,490,5965,-0.615,-0.3558333333333333,-0.68,7.81
259,MICHIGAN,2001,560,6278,0.5166666666666667,0.5166666666666667,0.37,7.81
260,MINNESOTA,2001,521,8104,0.8975,2.3875,0.41,7.81
261,MISSISSIPPI,2001,1993,2387,1.75,0.21666666666666654,1.04,7.81
262,MISSOURI,2001,1277,4765,0.6166666666666666,-0.03083333333333325,0.52,7.81
263,MONTANA,2001,262,8252,-5.4750000000000005,-5.4750000000000005,-2.25,7.81
264,NEBRASKA,2001,1077,6008,0.6183333333333333,0.5891666666666667,0.34,7.81
265,NEVADA,2001,2359,3485,-3.18,-3.18,-1.13,7.81
266,NEW HAMPSHIRE,2001,298,7276,-1.7491666666666663,-1.7491666666666663,-1.33,7.81
267,NEW JERSEY,2001,763,5030,-1.0075,-1.0075,-1.1,7.81
268,NEW MEXICO,2001,1028,4510,0.6441666666666668,0.7058333333333332,-0.15,7.81
269,NEW YORK,2001,566,5788,-1.6583333333333332,-1.265,-1.2,7.81
270,NORTH CAROLINA,2001,1254,3211,-2.080833333333333,-2.080833333333333,-1.22,7.81
271,NORTH DAKOTA,2001,507,8763,1.506666666666666,2.8375,0.15,7.81
272,OHIO,2001,707,5344,-0.07583333333333332,-0.13166666666666665,-0.03,7.81
273,OKLAHOMA,2001,2042,3490,-0.5916666666666667,0.5083333333333333,-0.32,7.81
274,OREGON,2001,182,5364,-3.3233333333333337,-3.3233333333333337,-0.88,7.81
275,PENNSYLVANIA,2001,616,5523,-1.8633333333333333,-1.8633333333333333,-1.19,7.81
276,RHODE ISLAND,2001,535,5570,0.1483333333333333,0.2808333333333332,-0.29,7.81
277,SOUTH CAROLINA,2001,1748,2427,-2.8625000000000003,-2.8625000000000003,-1.52,7.81
278,SOUTH DAKOTA,2001,778,7474,1.3633333333333335,2.5125000000000006,0.68,7.81
279,TENNESSEE,2001,1274,3692,-0.12916666666666676,-0.9691666666666668,0.39,7.81
280,TEXAS,2001,2725,1908,0.24749999999999986,2.1225,0.33,7.81
281,UTAH,2001,633,6827,-2.0933333333333333,-2.0933333333333333,-0.76,7.81
282,VERMONT,2001,224,7697,-1.5741666666666667,-1.3833333333333335,-1.34,7.81
283,VIRGINIA,2001,931,4127,-1.0175,-1.1658333333333335,-0.88,7.81
284,WASHINGTON,2001,138,5826,-0.5716666666666668,-2.049166666666667,-0.24,7.81
285,WEST VIRGINIA,2001,676,4923,-0.9216666666666667,-0.9483333333333336,-0.64,7.81
286,WISCONSIN,2001,545,7033,1.5558333333333338,1.5558333333333338,0.47,7.81
287,WYOMING,2001,384,7998,-6.195,-6.195,-2.5,7.81
288,ALABAMA,2002,2055,2768,-0.3366666666666667,-0.3450000000000001,0.1,21.965
289,ARIZONA,2002,3081,2001,-4.6000000000000005,-4.6000000000000005,-1.87,21.965
290,ARKANSAS,2002,1768,3514,0.11333333333333333,1.1058333333333337,0.17,21.965
291,CALIFORNIA,2002,829,2948,-2.185833333333333,-2.720833333333333,-0.85,21.965
292,COLORADO,2002,446,7234,-6.471666666666668,-6.471666666666668,-2.65,21.965
293,CONNECTICUT,2002,617,5699,-0.9041666666666668,-2.285,-0.13,21.965
294,DELAWARE,2002,1249,4257,-1.5033333333333332,-2.0425,-0.03,21.965
295,FLORIDA,2002,3606,685,-0.20416666666666672,-1.0875,0.36,21.965
296,GEORGIA,2002,1862,2818,-1.9725,-3.0224999999999995,-0.35,21.965
297,IDAHO,2002,473,7192,-2.8925,-2.8925,-0.98,21.965
298,ILLINOIS,2002,1025,5991,0.3475000000000001,1.3283333333333334,-0.02,21.965
299,INDIANA,2002,1086,5530,0.6225000000000002,1.9266666666666667,-0.12,21.965
300,IOWA,2002,912,6602,-0.2575,-0.3566666666666667,-0.19,21.965
301,KANSAS,2002,1565,4930,-2.4491666666666667,-2.4491666666666667,-0.98,21.965
302,KENTUCKY,2002,1386,4368,0.995,1.2891666666666668,0.56,21.965
303,LOUISIANA,2002,2664,1802,0.17500000000000004,0.7191666666666667,0.46,21.965
304,MAINE,2002,252,7768,-3.0625,-3.0625,-0.2,21.965
305,MARYLAND,2002,1259,4391,-2.623333333333333,-3.4633333333333334,-0.58,21.965
306,MASSACHUSETTS,2002,546,5965,-1.5541666666666665,-1.8425,0.0,21.965
307,MICHIGAN,2002,703,6665,0.06749999999999985,0.5833333333333333,-0.32,21.965
308,MINNESOTA,2002,533,8480,0.5491666666666666,0.7933333333333333,0.74,21.965
309,MISSISSIPPI,2002,2226,2498,2.2758333333333334,2.2758333333333334,0.85,21.965
310,MISSOURI,2002,1354,5010,-0.07583333333333349,0.5308333333333333,-0.12,21.965
311,MONTANA,2002,191,8970,-4.906666666666667,-4.906666666666667,-1.06,21.965
312,NEBRASKA,2002,1210,6264,-2.78,-2.78,-1.53,21.965
313,NEVADA,2002,2227,3558,-4.079166666666667,-4.079166666666667,-1.49,21.965
314,NEW HAMPSHIRE,2002,338,7288,-2.2225,-2.2225,-0.15,21.965
315,NEW JERSEY,2002,935,4969,-2.515833333333333,-3.2016666666666667,-0.32,21.965
316,NEW MEXICO,2002,1083,4590,-3.0116666666666667,-3.0116666666666667,-0.96,21.965
317,NEW YORK,2002,671,5815,-0.29416666666666663,-1.0433333333333337,0.21,21.965
318,NORTH CAROLINA,2002,1569,3326,-2.7875,-3.6891666666666665,-0.7,21.965
319,NORTH DAKOTA,2002,501,9255,-1.8266666666666664,-1.6366666666666667,-0.55,21.965
320,OHIO,2002,963,5560,-0.6075,-0.4241666666666665,-0.31,21.965
321,OKLAHOMA,2002,1802,3744,0.06500000000000003,-0.5658333333333333,0.28,21.965
322,OREGON,2002,215,5324,-2.6983333333333337,-2.6983333333333337,-1.17,21.965
323,PENNSYLVANIA,2002,812,5548,-1.525,-2.255,-0.09,21.965
324,RHODE ISLAND,2002,586,5603,-1.3149999999999995,-1.7716666666666665,-0.02,21.965
325,SOUTH CAROLINA,2002,2069,2592,-3.0591666666666666,-4.291666666666667,-0.59,21.965
326,SOUTH DAKOTA,2002,855,7629,-2.4658333333333338,-2.1533333333333338,-1.21,21.965
327,TENNESSEE,2002,1555,3779,0.68,1.1275,0.49,21.965
328,TEXAS,2002,2689,2009,0.17416666666666664,-0.08833333333333344,0.3,21.965
329,UTAH,2002,595,7366,-4.426666666666667,-4.426666666666667,-1.7,21.965
330,VERMONT,2002,241,7762,-0.24,-0.32333333333333353,0.46,21.965
331,VIRGINIA,2002,1235,4135,-2.2358333333333333,-2.9866666666666664,-0.46,21.965
332,WASHINGTON,2002,156,5766,-0.2841666666666666,-0.3458333333333334,-0.69,21.965
333,WEST VIRGINIA,2002,918,4956,0.3133333333333333,-1.1483333333333337,0.27,21.965
334,WISCONSIN,2002,625,7334,1.600833333333333,2.055833333333333,0.78,21.965
335,WYOMING,2002,336,8598,-7.363333333333332,-7.363333333333332,-2.23,21.965
336,ALABAMA,2003,1769,2798,2.0575,2.936666666666666,1.01,22.93
337,ARIZONA,2003,3197,1886,-3.6183333333333336,-3.6183333333333336,-0.95,22.93
338,ARKANSAS,2003,1624,3463,0.01916666666666664,0.06000000000000001,-0.23,22.93
339,CALIFORNIA,2003,1057,2833,0.25416666666666665,-0.21416666666666664,-0.08,22.93
340,COLORADO,2003,412,6844,-4.9425,-4.9425,-1.09,22.93
341,CONNECTICUT,2003,556,6461,0.8183333333333334,1.37,0.86,22.93
342,DELAWARE,2003,999,4951,3.5866666666666664,3.5866666666666664,1.6,22.93
343,FLORIDA,2003,3563,772,1.4741666666666673,2.2616666666666667,0.4,22.93
344,GEORGIA,2003,1551,2910,2.276666666666667,2.43,1.01,22.93
345,IDAHO,2003,644,6454,-2.9825000000000004,-2.9825000000000004,-0.87,22.93
346,ILLINOIS,2003,754,6275,-0.11583333333333334,-0.7791666666666665,0.17,22.93
347,INDIANA,2003,738,5912,1.220833333333333,0.8958333333333331,1.17,22.93
348,IOWA,2003,753,6922,-0.4275000000000001,-0.8841666666666668,-0.39,22.93
349,KANSAS,2003,1430,4918,-1.5458333333333332,-1.5458333333333332,-0.28,22.93
350,KENTUCKY,2003,1013,4595,2.8175000000000003,2.8175000000000003,1.21,22.93
351,LOUISIANA,2003,2599,1861,-0.12666666666666668,0.7158333333333334,-0.32,22.93
352,MAINE,2003,245,8264,-1.1725000000000003,-1.3341666666666667,0.28,22.93
353,MARYLAND,2003,983,4979,3.773333333333333,3.5491666666666664,2.02,22.93
354,MASSACHUSETTS,2003,520,6737,1.7266666666666668,1.7266666666666668,0.87,22.93
355,MICHIGAN,2003,463,7140,-1.5658333333333332,-1.8316666666666668,-0.19,22.93
356,MINNESOTA,2003,467,8602,-0.8325,0.10333333333333346,-0.75,22.93
357,MISSISSIPPI,2003,2039,2572,2.9758333333333336,2.9758333333333336,0.61,22.93
358,MISSOURI,2003,1170,5120,-0.42250000000000015,-1.3258333333333334,0.04,22.93
359,MONTANA,2003,319,8311,-3.25,-3.25,-0.86,22.93
360,NEBRASKA,2003,980,6248,-3.000833333333334,-3.000833333333334,-0.85,22.93
361,NEVADA,2003,2400,3367,-4.029166666666667,-4.029166666666667,-0.94,22.93
362,NEW HAMPSHIRE,2003,315,8048,-0.16499999999999992,-0.3008333333333332,0.63,22.93
363,NEW JERSEY,2003,768,5693,2.476666666666667,2.293333333333333,1.23,22.93
364,NEW MEXICO,2003,1116,4219,-3.535833333333333,-3.535833333333333,-1.66,22.93
365,NEW YORK,2003,560,6574,1.614166666666667,1.614166666666667,1.16,22.93
366,NORTH CAROLINA,2003,1299,3524,2.708333333333333,2.7091666666666665,1.62,22.93
367,NORTH DAKOTA,2003,514,9328,-0.9641666666666668,-1.2500000000000002,-0.59,22.93
368,OHIO,2003,611,6051,1.8025,1.8025,1.49,22.93
369,OKLAHOMA,2003,1823,3607,-0.535,-0.29750000000000004,-0.46,22.93
370,OREGON,2003,308,5012,-2.6875,-2.6875,-0.64,22.93
371,PENNSYLVANIA,2003,593,6165,2.220833333333333,2.181666666666666,1.61,22.93
372,RHODE ISLAND,2003,555,6348,1.4566666666666663,1.9141666666666663,0.85,22.93
373,SOUTH CAROLINA,2003,1740,2744,1.2916666666666667,1.9850000000000003,0.9,22.93
374,SOUTH DAKOTA,2003,717,7549,-2.310833333333333,-2.310833333333333,-0.65,22.93
375,TENNESSEE,2003,1226,3905,3.1566666666666667,3.1566666666666667,1.24,22.93
376,TEXAS,2003,2688,1897,-0.39916666666666667,0.004999999999999949,-0.44,22.93
377,UTAH,2003,668,6649,-4.426666666666667,-4.426666666666667,-1.27,22.93
378,VERMONT,2003,243,8551,0.3008333333333333,0.20416666666666675,0.81,22.93
379,VIRGINIA,2003,984,4532,4.3675,4.1675,2.26,22.93
380,WASHINGTON,2003,232,5369,-1.0308333333333335,-1.429166666666667,-0.49,22.93
381,WEST VIRGINIA,2003,668,5309,3.275833333333333,3.275833333333333,1.93,22.93
382,WISCONSIN,2003,470,7751,-0.94,-0.14333333333333342,-0.64,22.93
383,WYOMING,2003,378,8032,-4.8116666666666665,-4.8116666666666665,-0.95,22.93
384,ALABAMA,2004,1845,2633,0.7383333333333333,1.3875000000000002,0.65,2.555
385,ARIZONA,2004,2904,2041,-2.0308333333333333,-3.1500000000000004,-0.39,2.555
386,ARKANSAS,2004,1610,3171,0.6,0.8133333333333334,0.72,2.555
387,CALIFORNIA,2004,857,2842,-0.9874999999999998,-1.6466666666666665,-0.57,2.555
388,COLORADO,2004,160,6967,-1.3624999999999998,-3.089166666666667,-0.28,2.555
389,CONNECTICUT,2004,476,6154,-0.0725,0.6291666666666668,0.08,2.555
390,DELAWARE,2004,1085,4599,2.4000000000000004,2.4000000000000004,-0.05,2.555
391,FLORIDA,2004,3435,708,-0.4708333333333334,0.2891666666666666,0.05,2.555
392,GEORGIA,2004,1702,2765,0.5299999999999999,0.43,0.27,2.555
393,IDAHO,2004,440,6768,-0.6841666666666663,-1.6441666666666668,-0.12,2.555
394,ILLINOIS,2004,683,5908,0.7933333333333334,1.0158333333333334,0.44,2.555
395,INDIANA,2004,762,5526,2.6283333333333334,2.6283333333333334,0.6,2.555
396,IOWA,2004,606,6547,1.0833333333333337,0.8708333333333335,0.64,2.555
397,KANSAS,2004,1212,4641,0.24,0.1241666666666667,0.36,2.555
398,KENTUCKY,2004,1087,4237,3.0691666666666664,3.0691666666666664,1.02,2.555
399,LOUISIANA,2004,2705,1655,1.1483333333333332,1.3575,1.01,2.555
400,MAINE,2004,159,8191,-0.7883333333333336,-0.26666666666666666,-0.26,2.555
401,MARYLAND,2004,1118,4638,3.365833333333333,3.365833333333333,0.42,2.555
402,MASSACHUSETTS,2004,390,6451,0.2591666666666667,0.7416666666666667,0.11,2.555
403,MICHIGAN,2004,412,6780,0.8566666666666668,0.6408333333333335,0.59,2.555
404,MINNESOTA,2004,279,8450,0.4816666666666666,-0.14666666666666675,0.68,2.555
405,MISSISSIPPI,2004,2083,2337,2.458333333333333,2.458333333333333,0.9,2.555
406,MISSOURI,2004,996,4805,1.5025000000000002,1.5025000000000002,0.78,2.555
407,MONTANA,2004,132,8294,-3.9216666666666673,-3.9216666666666673,-1.24,2.555
408,NEBRASKA,2004,806,6004,-1.7875000000000003,-2.4525,-0.46,2.555
409,NEVADA,2004,2090,3510,-1.1608333333333338,-1.8275000000000008,-0.01,2.555
410,NEW HAMPSHIRE,2004,215,7720,0.5833333333333333,0.5750000000000001,0.0,2.555
411,NEW JERSEY,2004,780,5280,2.175,2.175,0.29,2.555
412,NEW MEXICO,2004,803,4634,0.3833333333333333,-1.5858333333333328,0.52,2.555
413,NEW YORK,2004,485,6244,2.766666666666667,2.766666666666667,0.78,2.555
414,NORTH CAROLINA,2004,1436,3400,-0.26083333333333325,0.9841666666666667,0.0,2.555
415,NORTH DAKOTA,2004,243,9197,0.7291666666666666,0.8083333333333335,0.62,2.555
416,OHIO,2004,653,5696,3.905833333333333,3.905833333333333,1.18,2.555
417,OKLAHOMA,2004,1664,3341,1.0558333333333334,0.7858333333333333,0.79,2.555
418,OREGON,2004,261,5013,-1.8375,-1.8375,-0.36,2.555
419,PENNSYLVANIA,2004,623,5775,4.504166666666666,4.504166666666666,1.5,2.555
420,RHODE ISLAND,2004,425,6113,0.15666666666666665,0.6191666666666666,0.15,2.555
421,SOUTH CAROLINA,2004,1947,2643,-0.5141666666666667,-0.2491666666666667,-0.24,2.555
422,SOUTH DAKOTA,2004,490,7209,-0.6275000000000001,-1.005,0.03,2.555
423,TENNESSEE,2004,1289,3600,2.8516666666666666,2.8516666666666666,1.06,2.555
424,TEXAS,2004,2669,1777,2.115833333333333,1.909166666666667,1.69,2.555
425,UTAH,2004,419,7125,-1.4183333333333332,-1.8591666666666664,0.23,2.555
426,VERMONT,2004,171,8333,1.62,1.62,0.03,2.555
427,VIRGINIA,2004,1086,4265,3.365,3.6983333333333333,0.73,2.555
428,WASHINGTON,2004,241,5246,-1.8966666666666672,-1.8966666666666672,-0.6,2.555
429,WEST VIRGINIA,2004,731,4959,4.2974999999999985,4.2974999999999985,1.04,2.555
430,WISCONSIN,2004,331,7448,0.5066666666666667,1.1708333333333334,0.7,2.555
431,WYOMING,2004,149,8045,-4.5825000000000005,-4.5825000000000005,-1.33,2.555
432,ALABAMA,2005,1908,2686,1.3041666666666665,2.24,0.33,8.92
433,ARIZONA,2005,2972,1892,1.653333333333333,3.544166666666668,0.79,8.92
434,ARKANSAS,2005,1920,3150,-1.8741666666666668,-1.225833333333333,-1.42,8.92
435,CALIFORNIA,2005,812,2815,3.084166666666667,3.084166666666667,1.34,8.92
436,COLORADO,2005,330,6836,0.6974999999999999,1.2908333333333333,0.32,8.92
437,CONNECTICUT,2005,750,6180,0.4050000000000001,0.7616666666666666,0.37,8.92
438,DELAWARE,2005,1273,4754,1.0416666666666667,1.1716666666666666,0.3,8.92
439,FLORIDA,2005,3417,704,0.4166666666666667,1.3299999999999998,0.62,8.92
440,GEORGIA,2005,1707,2849,1.4058333333333335,2.4066666666666667,0.59,8.92
441,IDAHO,2005,426,7039,0.4133333333333333,0.2566666666666665,0.14,8.92
442,ILLINOIS,2005,1112,5919,-1.8908333333333327,-1.2333333333333336,-1.18,8.92
443,INDIANA,2005,1062,5618,-0.4749999999999999,1.538333333333333,-0.08,8.92
444,IOWA,2005,956,6533,-0.3583333333333333,0.15333333333333324,-0.36,8.92
445,KANSAS,2005,1529,4661,1.2824999999999998,2.1166666666666667,0.72,8.92
446,KENTUCKY,2005,1355,4381,-0.9216666666666667,0.27666666666666656,-1.02,8.92
447,LOUISIANA,2005,2729,1584,-1.5333333333333334,-0.8916666666666666,-1.1,8.92
448,MAINE,2005,267,7860,2.69,2.779166666666667,2.04,8.92
449,MARYLAND,2005,1269,4766,0.5083333333333333,1.5233333333333334,0.08,8.92
450,MASSACHUSETTS,2005,632,6419,1.1891666666666667,1.4741666666666664,0.86,8.92
451,MICHIGAN,2005,777,6798,-1.7641666666666669,-1.6416666666666664,-1.08,8.92
452,MINNESOTA,2005,554,8130,2.7158333333333333,2.7158333333333333,1.03,8.92
453,MISSISSIPPI,2005,2169,2344,-0.4783333333333333,0.9816666666666668,-0.34,8.92
454,MISSOURI,2005,1424,4774,-0.6908333333333334,-0.027499999999999896,-0.58,8.92
455,MONTANA,2005,173,8434,-1.1116666666666666,-3.2158333333333338,-0.5,8.92
456,NEBRASKA,2005,1148,5928,-0.2741666666666667,-0.6024999999999999,-0.09,8.92
457,NEVADA,2005,1994,3488,4.556666666666667,4.556666666666667,1.8,8.92
458,NEW HAMPSHIRE,2005,403,7601,2.645,2.645,1.61,8.92
459,NEW JERSEY,2005,1052,5397,0.4491666666666667,1.2274999999999998,0.19,8.92
460,NEW MEXICO,2005,986,4361,1.2391666666666663,2.3516666666666666,0.45,8.92
461,NEW YORK,2005,824,6242,2.204166666666666,2.204166666666666,0.46,8.92
462,NORTH CAROLINA,2005,1529,3464,-0.01499999999999994,-0.12833333333333333,-0.1,8.92
463,NORTH DAKOTA,2005,450,8703,1.5516666666666663,1.7916666666666667,0.88,8.92
464,OHIO,2005,969,5854,-0.3441666666666667,2.52,-0.12,8.92
465,OKLAHOMA,2005,1943,3353,-0.4633333333333334,0.8333333333333334,-0.58,8.92
466,OREGON,2005,223,5259,0.12916666666666665,-0.5558333333333333,0.07,8.92
467,PENNSYLVANIA,2005,884,5887,0.1,1.8866666666666665,-0.19,8.92
468,RHODE ISLAND,2005,681,6092,1.1483333333333334,1.3033333333333337,0.86,8.92
469,SOUTH CAROLINA,2005,1937,2682,0.16,-0.13416666666666666,0.08,8.92
470,SOUTH DAKOTA,2005,806,7180,-0.15749999999999995,0.5516666666666666,0.16,8.92
471,TENNESSEE,2005,1481,3716,-0.5941666666666666,1.1525,-0.66,8.92
472,TEXAS,2005,2828,1711,0.22583333333333366,1.9125,-0.56,8.92
473,UTAH,2005,454,6957,3.2408333333333337,4.589166666666668,1.46,8.92
474,VERMONT,2005,367,7998,1.8441666666666665,1.8441666666666665,0.91,8.92
475,VIRGINIA,2005,1238,4408,-0.9741666666666666,0.5716666666666665,-0.5,8.92
476,WASHINGTON,2005,167,5506,-0.2691666666666666,-1.6783333333333332,-0.28,8.92
477,WEST VIRGINIA,2005,956,5182,-0.6366666666666667,0.9450000000000004,-0.62,8.92
478,WISCONSIN,2005,676,7319,-1.3391666666666666,-1.100833333333333,-0.75,8.92
479,WYOMING,2005,263,7976,-2.811666666666667,-2.811666666666667,-0.47,8.92
480,ALABAMA,2006,2041,2528,-2.0700000000000003,-1.7350000000000003,-0.83,14.705
481,ARIZONA,2006,3047,1939,-3.385,-3.385,-1.25,14.705
482,ARKANSAS,2006,1844,3026,-2.263333333333333,-3.1658333333333317,-0.34,14.705
483,CALIFORNIA,2006,1012,3014,0.4608333333333333,2.0625,-0.06,14.705
484,COLORADO,2006,372,6927,-0.4633333333333332,-1.7408333333333337,-0.55,14.705
485,CONNECTICUT,2006,598,5421,2.8016666666666667,2.8016666666666667,0.73,14.705
486,DELAWARE,2006,1126,4011,0.5075,1.008333333333333,0.23,14.705
487,FLORIDA,2006,3484,604,-2.9075,-2.668333333333333,-1.95,14.705
488,GEORGIA,2006,1761,2635,-2.425,-2.0658333333333334,-1.31,14.705
489,IDAHO,2006,569,6829,-0.02833333333333337,0.2949999999999998,0.06,14.705
490,ILLINOIS,2006,875,5527,-0.3241666666666667,-1.9,0.27,14.705
491,INDIANA,2006,839,5146,1.7524999999999995,1.6016666666666666,1.51,14.705
492,IOWA,2006,849,6095,-0.6991666666666667,-1.3091666666666668,-0.16,14.705
493,KANSAS,2006,1580,4231,-1.8725000000000005,-1.905,-0.83,14.705
494,KENTUCKY,2006,1138,4129,-0.0766666666666666,-0.5216666666666668,0.77,14.705
495,LOUISIANA,2006,2776,1495,-2.2491666666666665,-3.0158333333333336,-0.43,14.705
496,MAINE,2006,260,7045,4.3199999999999985,4.3199999999999985,0.97,14.705
497,MARYLAND,2006,1141,4108,-0.09333333333333327,0.4766666666666666,0.09,14.705
498,MASSACHUSETTS,2006,511,5661,2.750833333333334,2.750833333333334,0.65,14.705
499,MICHIGAN,2006,582,6167,0.7675000000000001,-0.6666666666666666,0.6,14.705
500,MINNESOTA,2006,578,7654,-0.6458333333333335,0.01499999999999994,-0.91,14.705
501,MISSISSIPPI,2006,2268,2236,-1.87,-1.87,-0.49,14.705
502,MISSOURI,2006,1330,4443,-1.869166666666666,-2.3249999999999997,-0.4,14.705
503,MONTANA,2006,287,8084,0.040833333333333326,-0.7016666666666668,-0.21,14.705
504,NEBRASKA,2006,1083,5659,-1.0066666666666668,-2.3091666666666666,-0.75,14.705
505,NEVADA,2006,2209,3594,0.7466666666666667,2.3691666666666658,-0.05,14.705
506,NEW HAMPSHIRE,2006,319,6868,4.62,4.62,1.4,14.705
507,NEW JERSEY,2006,853,4620,1.0416666666666667,1.25,0.52,14.705
508,NEW MEXICO,2006,970,4387,-0.7316666666666668,-1.705833333333333,-0.44,14.705
509,NEW YORK,2006,620,5486,2.7883333333333336,2.7883333333333336,1.14,14.705
510,NORTH CAROLINA,2006,1360,3139,0.1458333333333334,0.4583333333333333,0.25,14.705
511,NORTH DAKOTA,2006,602,8291,-0.8566666666666668,-0.5233333333333334,-0.83,14.705
512,OHIO,2006,734,5239,0.8833333333333334,0.6408333333333334,1.0,14.705
513,OKLAHOMA,2006,2154,3017,-3.8150000000000013,-4.486666666666667,-1.53,14.705
514,OREGON,2006,241,5269,-0.1416666666666667,0.7075000000000001,0.01,14.705
515,PENNSYLVANIA,2006,694,5206,1.1766666666666667,1.2925000000000002,0.69,14.705
516,RHODE ISLAND,2006,563,5320,3.083333333333333,3.083333333333333,0.88,14.705
517,SOUTH CAROLINA,2006,1855,2388,-0.695,-0.9425,-0.4,14.705
518,SOUTH DAKOTA,2006,835,6938,-0.3216666666666666,-1.4266666666666667,-0.78,14.705
519,TENNESSEE,2006,1404,3563,-1.5450000000000002,-1.5450000000000002,-0.25,14.705
520,TEXAS,2006,2999,1525,-2.879166666666667,-4.230833333333333,-1.43,14.705
521,UTAH,2006,560,7049,-0.6308333333333332,0.5291666666666666,-0.18,14.705
522,VERMONT,2006,253,7275,3.6066666666666674,3.6066666666666674,1.26,14.705
523,VIRGINIA,2006,1086,3944,0.04583333333333342,-0.2516666666666668,0.28,14.705
524,WASHINGTON,2006,189,5561,-0.16666666666666666,0.4083333333333334,0.26,14.705
525,WEST VIRGINIA,2006,723,4818,-0.5566666666666666,-0.8841666666666668,0.0,14.705
526,WISCONSIN,2006,559,6880,-1.570833333333333,-1.570833333333333,-0.35,14.705
527,WYOMING,2006,378,7989,-3.440833333333334,-3.440833333333334,-1.5,14.705
528,ALABAMA,2007,2173,2517,-3.9525,-3.9525,-1.82,34.62
529,ARIZONA,2007,3212,1958,-3.932500000000001,-3.932500000000001,-1.22,34.62
530,ARKANSAS,2007,1920,3195,-1.0891666666666666,-0.9558333333333334,-0.42,34.62
531,CALIFORNIA,2007,889,2876,-3.7675,-3.7675,-1.55,34.62
532,COLORADO,2007,403,7158,0.18916666666666665,0.91,0.02,34.62
533,CONNECTICUT,2007,563,5950,-0.26083333333333325,0.5516666666666666,-0.36,34.62
534,DELAWARE,2007,1220,4486,-1.5816666666666668,-0.4841666666666667,-0.94,34.62
535,FLORIDA,2007,3634,558,-5.3116666666666665,-5.3116666666666665,-1.83,34.62
536,GEORGIA,2007,1879,2608,-4.1450000000000005,-4.1450000000000005,-1.55,34.62
537,IDAHO,2007,635,6737,-2.5741666666666667,-2.5741666666666667,-1.2,34.62
538,ILLINOIS,2007,1058,5930,-0.5416666666666666,-0.4191666666666666,-0.54,34.62
539,INDIANA,2007,1106,5458,-0.17249999999999996,1.2074999999999996,-0.34,34.62
540,IOWA,2007,981,6745,2.4,2.4,1.4,34.62
541,KANSAS,2007,1584,4856,1.8691666666666664,1.409166666666667,0.86,34.62
542,KENTUCKY,2007,1516,4143,-1.3441666666666665,-1.3541666666666667,-1.01,34.62
543,LOUISIANA,2007,2675,1564,-0.365,-0.08083333333333327,-0.34,34.62
544,MAINE,2007,179,8051,2.8775000000000013,2.8775000000000013,0.55,34.62
545,MARYLAND,2007,1258,4536,-2.02,-1.4116666666666668,-1.26,34.62
546,MASSACHUSETTS,2007,483,6270,0.1225000000000001,0.7549999999999999,-0.14,34.62
547,MICHIGAN,2007,654,6561,-1.1683333333333332,-0.8666666666666667,-0.95,34.62
548,MINNESOTA,2007,552,8300,-0.9391666666666666,-1.3416666666666668,0.07,34.62
549,MISSISSIPPI,2007,2315,2223,-2.7641666666666667,-2.7641666666666667,-1.24,34.62
550,MISSOURI,2007,1501,4836,-0.34416666666666657,-0.4699999999999999,-0.27,34.62
551,MONTANA,2007,329,8183,-0.9183333333333332,-1.1658333333333333,-0.66,34.62
552,NEBRASKA,2007,1170,6257,2.2991666666666664,1.9466666666666663,1.05,34.62
553,NEVADA,2007,2346,3422,-4.2974999999999985,-4.2974999999999985,-1.9,34.62
554,NEW HAMPSHIRE,2007,243,7676,3.2308333333333343,3.2308333333333343,0.46,34.62
555,NEW JERSEY,2007,870,5146,0.05083333333333324,0.7108333333333331,-0.12,34.62
556,NEW MEXICO,2007,988,4549,0.4483333333333333,1.0691666666666666,-0.01,34.62
557,NEW YORK,2007,588,6086,2.3116666666666665,2.3116666666666665,0.27,34.62
558,NORTH CAROLINA,2007,1621,3120,-3.0416666666666665,-2.646666666666667,-2.12,34.62
559,NORTH DAKOTA,2007,521,9014,0.01499999999999994,0.17833333333333334,0.23,34.62
560,OHIO,2007,900,5556,-0.0741666666666666,0.8316666666666667,-0.14,34.62
561,OKLAHOMA,2007,1909,3535,2.5841666666666665,1.419166666666667,1.23,34.62
562,OREGON,2007,197,5490,-1.5508333333333333,-1.5508333333333333,-0.73,34.62
563,PENNSYLVANIA,2007,732,5678,0.325,0.5750000000000002,-0.01,34.62
564,RHODE ISLAND,2007,556,5869,-0.020833333333333443,0.9516666666666664,-0.38,34.62
565,SOUTH CAROLINA,2007,2069,2350,-2.271666666666667,-2.271666666666667,-1.61,34.62
566,SOUTH DAKOTA,2007,852,7441,0.5458333333333334,0.4758333333333333,0.52,34.62
567,TENNESSEE,2007,1739,3494,-3.4775000000000005,-3.4775000000000005,-1.76,34.62
568,TEXAS,2007,2593,1859,2.0375,3.3183333333333334,2.05,34.62
569,UTAH,2007,674,6861,-2.41,-2.295833333333334,-1.22,34.62
570,VERMONT,2007,182,8181,3.15,3.15,0.8,34.62
571,VIRGINIA,2007,1241,4088,-2.046666666666667,-1.1925,-1.33,34.62
572,WASHINGTON,2007,168,5846,-0.805,-0.2733333333333334,-0.41,34.62
573,WEST VIRGINIA,2007,932,4899,-1.3349999999999995,-1.2658333333333334,-0.69,34.62
574,WISCONSIN,2007,590,7302,-0.18083333333333346,-0.4916666666666667,0.22,34.62
575,WYOMING,2007,406,8004,-4.808333333333334,-4.808333333333334,-1.6,34.62
576,ALABAMA,2008,1844,2803,-1.6799999999999995,-2.7575,-0.09,10.385
577,ARIZONA,2008,2964,2001,-1.4733333333333332,-1.4733333333333332,0.02,10.385
578,ARKANSAS,2008,1604,3618,1.9416666666666664,1.8275,1.15,10.385
579,CALIFORNIA,2008,1017,2861,-3.675833333333333,-3.675833333333333,-1.19,10.385
580,COLORADO,2008,296,7456,0.04166666666666666,0.5058333333333331,0.1,10.385
581,CONNECTICUT,2008,570,5910,1.92,1.92,1.27,10.385
582,DELAWARE,2008,1121,4415,-2.2625,-2.2625,-0.35,10.385
583,FLORIDA,2008,3375,634,-3.2183333333333337,-3.2183333333333337,-0.27,10.385
584,GEORGIA,2008,1648,2951,-2.370833333333334,-3.046666666666667,-0.33,10.385
585,IDAHO,2008,445,7371,-1.6674999999999998,-1.6674999999999998,-0.42,10.385
586,ILLINOIS,2008,795,6639,2.985,2.8316666666666666,1.87,10.385
587,INDIANA,2008,826,6037,2.6141666666666667,2.475,1.19,10.385
588,IOWA,2008,710,7590,4.786666666666666,4.786666666666666,1.76,10.385
589,KANSAS,2008,1269,5280,2.964166666666667,2.964166666666667,1.36,10.385
590,KENTUCKY,2008,1160,4686,-0.2766666666666667,-0.38833333333333336,-0.32,10.385
591,LOUISIANA,2008,2522,1678,-0.4808333333333334,-0.17833333333333334,0.03,10.385
592,MAINE,2008,219,7798,3.891666666666666,3.891666666666666,1.73,10.385
593,MARYLAND,2008,1082,4546,-1.6908333333333332,-1.6908333333333332,0.05,10.385
594,MASSACHUSETTS,2008,498,6188,2.56,2.43,1.58,10.385
595,MICHIGAN,2008,524,7082,1.545,0.6866666666666666,1.12,10.385
596,MINNESOTA,2008,394,9276,1.465833333333333,1.465833333333333,0.61,10.385
597,MISSISSIPPI,2008,2014,2521,-0.5199999999999997,-0.710833333333333,0.42,10.385
598,MISSOURI,2008,1088,5455,3.7258333333333336,3.613333333333333,2.08,10.385
599,MONTANA,2008,169,8941,-0.11083333333333338,-0.7841666666666667,-0.02,10.385
600,NEBRASKA,2008,887,6900,3.5616666666666674,3.5616666666666674,1.57,10.385
601,NEVADA,2008,2184,3615,-3.5958333333333337,-3.5958333333333337,-0.99,10.385
602,NEW HAMPSHIRE,2008,274,7538,4.2716666666666665,4.2716666666666665,1.99,10.385
603,NEW JERSEY,2008,857,5155,-0.010833333333333306,-0.365,0.04,10.385
604,NEW MEXICO,2008,840,4648,-0.5616666666666668,-0.15500000000000005,-0.22,10.385
605,NEW YORK,2008,594,6045,2.6041666666666665,2.6041666666666665,1.21,10.385
606,NORTH CAROLINA,2008,1393,3416,-3.970833333333333,-3.970833333333333,-0.57,10.385
607,NORTH DAKOTA,2008,390,9807,-0.7275,-0.9125,0.2,10.385
608,OHIO,2008,727,6003,0.8291666666666667,1.564166666666667,0.62,10.385
609,OKLAHOMA,2008,1765,3671,2.263333333333333,2.720833333333333,0.68,10.385
610,OREGON,2008,188,5727,-1.3391666666666666,-1.3391666666666666,-0.65,10.385
611,PENNSYLVANIA,2008,645,5821,0.2433333333333333,1.3041666666666665,0.53,10.385
612,RHODE ISLAND,2008,573,5735,1.225833333333333,1.0466666666666666,0.97,10.385
613,SOUTH CAROLINA,2008,1860,2659,-1.9233333333333336,-3.0141666666666667,-0.31,10.385
614,SOUTH DAKOTA,2008,623,8286,1.9808333333333328,2.1891666666666665,1.54,10.385
615,TENNESSEE,2008,1339,3969,-2.6525,-2.6525,-0.32,10.385
616,TEXAS,2008,2713,1798,-2.0641666666666665,-0.5483333333333333,-0.97,10.385
617,UTAH,2008,507,7507,-1.6700000000000002,-1.6700000000000002,-0.35,10.385
618,VERMONT,2008,204,7949,4.2375,4.2375,1.64,10.385
619,VIRGINIA,2008,1061,4268,-2.6525000000000007,-2.6525000000000007,-0.44,10.385
620,WASHINGTON,2008,133,6144,-1.1541666666666666,-1.1541666666666666,-0.54,10.385
621,WEST VIRGINIA,2008,681,5267,0.3116666666666666,-0.29916666666666664,0.15,10.385
622,WISCONSIN,2008,459,8169,1.0475,1.5533333333333337,0.23,10.385
623,WYOMING,2008,234,8754,-1.2683333333333335,-2.229166666666667,-0.08,10.385
624,ALABAMA,2009,1823,2793,2.036666666666666,1.5116666666666667,1.54,3.385
625,ARIZONA,2009,3086,1896,-2.695,-3.035833333333333,-1.61,3.385
626,ARKANSAS,2009,1511,3519,3.695,3.695,1.98,3.385
627,CALIFORNIA,2009,967,2879,-3.565833333333334,-3.565833333333334,-0.88,3.385
628,COLORADO,2009,188,7356,0.6716666666666667,0.5075,0.31,3.385
629,CONNECTICUT,2009,444,6106,0.8025000000000001,1.4516666666666664,0.39,3.385
630,DELAWARE,2009,978,4616,1.2141666666666666,0.8058333333333335,1.2,3.385
631,FLORIDA,2009,3576,705,-0.8725000000000002,-0.6900000000000001,-0.1,3.385
632,GEORGIA,2009,1638,2981,0.7775,0.30333333333333345,1.04,3.385
633,IDAHO,2009,467,7305,0.13499999999999998,0.10250000000000004,0.28,3.385
634,ILLINOIS,2009,630,6386,4.7058333333333335,4.7058333333333335,1.88,3.385
635,INDIANA,2009,688,5822,2.053333333333333,2.643333333333333,1.07,3.385
636,IOWA,2009,557,7171,4.424166666666667,4.424166666666667,1.45,3.385
637,KANSAS,2009,1159,5102,3.981666666666667,3.981666666666667,1.33,3.385
638,KENTUCKY,2009,1023,4550,0.6974999999999999,1.0308333333333333,1.15,3.385
639,LOUISIANA,2009,2657,1685,-0.14750000000000016,-0.28583333333333344,0.4,3.385
640,MAINE,2009,161,8076,3.8975,3.8975,0.92,3.385
641,MARYLAND,2009,987,4734,0.9875,0.6508333333333333,0.9,3.385
642,MASSACHUSETTS,2009,373,6385,2.9916666666666667,2.9916666666666667,0.78,3.385
643,MICHIGAN,2009,368,7036,2.1766666666666667,2.625833333333333,0.69,3.385
644,MINNESOTA,2009,295,8926,0.6175,1.665,0.51,3.385
645,MISSISSIPPI,2009,2087,2476,1.9883333333333333,1.9883333333333333,0.97,3.385
646,MISSOURI,2009,982,5178,4.214999999999999,4.214999999999999,1.56,3.385
647,MONTANA,2009,156,8933,0.21333333333333335,0.315,0.06,3.385
648,NEBRASKA,2009,702,6692,5.160833333333334,5.160833333333334,1.85,3.385
649,NEVADA,2009,2180,3616,-2.7225,-2.960833333333333,-0.73,3.385
650,NEW HAMPSHIRE,2009,191,7764,4.039166666666667,4.039166666666667,0.92,3.385
651,NEW JERSEY,2009,678,5296,1.2549999999999997,1.0924999999999998,0.82,3.385
652,NEW MEXICO,2009,944,4491,-2.2925,-2.4975,-1.16,3.385
653,NEW YORK,2009,451,6238,1.89,2.3716666666666666,0.45,3.385
654,NORTH CAROLINA,2009,1378,3531,-0.19666666666666666,-1.3625,0.4,3.385
655,NORTH DAKOTA,2009,306,9972,4.406666666666667,4.406666666666667,1.68,3.385
656,OHIO,2009,587,5914,0.028333333333333318,-0.3241666666666668,0.09,3.385
657,OKLAHOMA,2009,1704,3675,0.6166666666666667,0.6908333333333333,0.51,3.385
658,OREGON,2009,267,5564,-1.7008333333333334,-1.7008333333333334,-0.39,3.385
659,PENNSYLVANIA,2009,527,5881,0.3641666666666667,0.6316666666666667,0.29,3.385
660,RHODE ISLAND,2009,434,5961,2.431666666666666,2.431666666666666,0.91,3.385
661,SOUTH CAROLINA,2009,1873,2769,0.06916666666666668,-0.8041666666666667,0.29,3.385
662,SOUTH DAKOTA,2009,460,8124,5.515833333333334,5.515833333333334,2.22,3.385
663,TENNESSEE,2009,1247,3904,0.6733333333333333,0.8308333333333332,1.11,3.385
664,TEXAS,2009,2833,1851,-2.2516666666666665,-3.454166666666667,-0.76,3.385
665,UTAH,2009,443,7311,-1.4741666666666664,-1.653333333333333,-0.58,3.385
666,VERMONT,2009,156,8189,3.230833333333333,3.230833333333333,0.64,3.385
667,VIRGINIA,2009,998,4433,0.7833333333333333,0.2591666666666666,1.0,3.385
668,WASHINGTON,2009,227,5969,-1.0649999999999995,-1.195833333333333,-0.35,3.385
669,WEST VIRGINIA,2009,631,5234,0.8741666666666666,0.7691666666666667,0.43,3.385
670,WISCONSIN,2009,321,7890,0.2616666666666667,-0.125,0.12,3.385
671,WYOMING,2009,149,8638,0.5708333333333334,0.7133333333333334,0.6,3.385
672,ALABAMA,2010,2293,3311,-0.8875000000000001,1.0583333333333338,-0.9,18.0
673,ARIZONA,2010,2910,2038,0.8650000000000001,0.5133333333333333,0.61,18.0
674,ARKANSAS,2010,2189,3696,-1.0691666666666666,1.2541666666666662,-1.22,18.0
675,CALIFORNIA,2010,703,3086,1.4733333333333332,0.7066666666666667,1.16,18.0
676,COLORADO,2010,350,7062,0.6916666666666668,0.6916666666666668,0.14,18.0
677,CONNECTICUT,2010,786,5525,-0.2850000000000001,-0.05083333333333323,-0.28,18.0
678,DELAWARE,2010,1490,4589,-0.5608333333333332,0.39833333333333343,-0.86,18.0
679,FLORIDA,2010,3364,1276,-1.024166666666667,-0.5158333333333336,-0.88,18.0
680,GEORGIA,2010,2058,3449,-0.9908333333333332,0.4458333333333333,-0.89,18.0
681,IDAHO,2010,334,6967,1.0333333333333334,0.8725,0.69,18.0
682,ILLINOIS,2010,1117,6098,3.7750000000000012,3.7750000000000012,0.23,18.0
683,INDIANA,2010,1172,5777,-0.7341666666666665,0.5258333333333333,-0.72,18.0
684,IOWA,2010,950,6961,5.265833333333333,5.265833333333333,1.53,18.0
685,KANSAS,2010,1668,5008,2.785833333333333,3.5066666666666664,0.45,18.0
686,KENTUCKY,2010,1553,4824,-1.169166666666667,0.4141666666666666,-0.73,18.0
687,LOUISIANA,2010,2921,2217,-2.1566666666666667,-1.2533333333333332,-1.53,18.0
688,MAINE,2010,305,6899,0.8741666666666669,1.6391666666666664,0.4,18.0
689,MARYLAND,2010,1456,4631,-0.5516666666666666,-0.05500000000000003,-0.73,18.0
690,MASSACHUSETTS,2010,686,5727,0.12500000000000008,1.1175,-0.03,18.0
691,MICHIGAN,2010,760,6404,-0.08500000000000006,0.285,-0.29,18.0
692,MINNESOTA,2010,542,8197,1.855,1.9233333333333336,1.34,18.0
693,MISSISSIPPI,2010,2503,2971,-1.405,-0.0408333333333332,-1.07,18.0
694,MISSOURI,2010,1515,5236,3.8975,3.8975,0.51,18.0
695,MONTANA,2010,126,8697,1.3883333333333334,1.2383333333333335,0.84,18.0
696,NEBRASKA,2010,1079,6473,6.0925,6.0925,1.54,18.0
697,NEVADA,2010,2017,3682,0.4233333333333333,-0.5975,0.7,18.0
698,NEW HAMPSHIRE,2010,393,6837,2.4341666666666666,2.4341666666666666,0.24,18.0
699,NEW JERSEY,2010,1145,5013,-0.6366666666666666,0.5766666666666667,-0.55,18.0
700,NEW MEXICO,2010,1036,4618,0.6633333333333332,1.02,0.39,18.0
701,NEW YORK,2010,808,5742,0.405,0.6641666666666667,0.17,18.0
702,NORTH CAROLINA,2010,1828,3887,-0.9566666666666668,-0.4099999999999999,-0.75,18.0
703,NORTH DAKOTA,2010,440,9146,6.04,6.04,2.45,18.0
704,OHIO,2010,997,5869,-0.6858333333333332,-0.7124999999999999,-0.59,18.0
705,OKLAHOMA,2010,2179,3772,0.10833333333333328,1.2708333333333337,-0.13,18.0
706,OREGON,2010,151,5397,1.1583333333333334,1.0175,0.95,18.0
707,PENNSYLVANIA,2010,898,5645,-0.4191666666666666,-0.3633333333333333,-0.32,18.0
708,RHODE ISLAND,2010,714,5435,2.855,2.855,0.35,18.0
709,SOUTH CAROLINA,2010,2298,3211,-1.3608333333333331,-0.7558333333333334,-1.12,18.0
710,SOUTH DAKOTA,2010,719,7758,7.381666666666668,7.381666666666668,2.37,18.0
711,TENNESSEE,2010,1779,4290,-0.6175,0.8825,-0.47,18.0
712,TEXAS,2010,2877,2151,1.2141666666666666,2.023333333333333,0.26,18.0
713,UTAH,2010,448,7222,0.7116666666666666,0.16166666666666665,0.87,18.0
714,VERMONT,2010,293,7378,1.9991666666666668,1.9991666666666668,0.5,18.0
715,VIRGINIA,2010,1477,4539,-0.5199999999999999,0.2241666666666664,-0.71,18.0
716,WASHINGTON,2010,121,5589,1.2383333333333333,1.1058333333333332,0.8,18.0
717,WEST VIRGINIA,2010,1010,5451,-0.7575,-0.6341666666666667,-0.61,18.0
718,WISCONSIN,2010,662,7127,1.4908333333333332,1.7166666666666666,0.86,18.0
719,WYOMING,2010,224,8282,0.8849999999999999,1.0775,0.49,18.0
720,ALABAMA,2011,2037,2660,-2.6525000000000003,-2.6525000000000003,-0.7,27.27
721,ARIZONA,2011,3091,2184,-2.4966666666666666,-2.4966666666666666,-1.1,27.27
722,ARKANSAS,2011,2048,3335,-2.273333333333333,-2.273333333333333,-0.09,27.27
723,CALIFORNIA,2011,774,3182,1.7091666666666672,2.6050000000000004,0.24,27.27
724,COLORADO,2011,424,7399,-0.14666666666666667,-0.22249999999999995,-0.14,27.27
725,CONNECTICUT,2011,712,5607,1.3008333333333333,1.5066666666666666,1.25,27.27
726,DELAWARE,2011,1350,4261,-2.155,-2.155,-0.31,27.27
727,FLORIDA,2011,3680,613,-4.128333333333333,-4.128333333333333,-1.39,27.27
728,GEORGIA,2011,1904,2750,-3.865,-3.865,-1.51,27.27
729,IDAHO,2011,427,7436,1.7200000000000004,2.9025,0.54,27.27
730,ILLINOIS,2011,985,6034,1.275,2.5141666666666667,0.79,27.27
731,INDIANA,2011,1028,5494,2.1733333333333342,1.8083333333333336,1.54,27.27
732,IOWA,2011,894,6826,1.5183333333333335,2.6366666666666667,-0.03,27.27
733,KANSAS,2011,1778,5025,-1.8375,-1.3166666666666669,-0.66,27.27
734,KENTUCKY,2011,1302,4257,2.4308333333333327,2.115833333333333,1.59,27.27
735,LOUISIANA,2011,2883,1693,-4.575833333333334,-4.575833333333334,-1.48,27.27
736,MAINE,2011,261,7471,2.375833333333333,2.9758333333333336,0.9,27.27
737,MARYLAND,2011,1329,4351,0.05750000000000007,-0.11916666666666652,0.49,27.27
738,MASSACHUSETTS,2011,579,5866,1.4641666666666666,1.74,1.36,27.27
739,MICHIGAN,2011,686,6736,1.3008333333333335,1.4075,0.69,27.27
740,MINNESOTA,2011,534,8476,1.6958333333333335,2.5508333333333333,-0.31,27.27
741,MISSISSIPPI,2011,2296,2410,-2.5191666666666666,-2.5191666666666666,-0.47,27.27
742,MISSOURI,2011,1439,4992,0.6016666666666666,1.5824999999999996,0.3,27.27
743,MONTANA,2011,207,8853,2.924166666666667,4.941666666666666,1.46,27.27
744,NEBRASKA,2011,1023,6505,3.0191666666666666,4.410833333333333,1.11,27.27
745,NEVADA,2011,1960,3851,1.575,2.9424999999999994,0.53,27.27
746,NEW HAMPSHIRE,2011,344,7192,2.165,2.873333333333333,1.36,27.27
747,NEW JERSEY,2011,1034,4881,1.8183333333333327,0.8374999999999999,1.36,27.27
748,NEW MEXICO,2011,1211,4676,-4.25,-4.25,-1.7,27.27
749,NEW YORK,2011,738,5765,3.2616666666666667,4.151666666666667,2.0,27.27
750,NORTH CAROLINA,2011,1649,3241,-2.464166666666667,-2.464166666666667,-0.74,27.27
751,NORTH DAKOTA,2011,477,9298,6.07,7.826666666666667,2.1,27.27
752,OHIO,2011,902,5566,2.974166666666666,2.974166666666666,2.18,27.27
753,OKLAHOMA,2011,2482,3590,-3.8516666666666666,-3.8516666666666666,-1.58,27.27
754,OREGON,2011,170,5853,1.3691666666666669,2.365833333333333,0.15,27.27
755,PENNSYLVANIA,2011,846,5475,3.4041666666666663,3.4041666666666663,2.05,27.27
756,RHODE ISLAND,2011,639,5479,1.2425,1.7991666666666666,1.0,27.27
757,SOUTH CAROLINA,2011,2154,2516,-4.050833333333333,-4.050833333333333,-1.54,27.27
758,SOUTH DAKOTA,2011,741,7913,5.049166666666667,7.315000000000001,1.74,27.27
759,TENNESSEE,2011,1520,3670,1.1958333333333333,1.0683333333333331,0.86,27.27
760,TEXAS,2011,3367,1832,-5.658333333333334,-5.658333333333334,-2.66,27.27
761,UTAH,2011,470,7555,3.585833333333333,4.260833333333333,1.37,27.27
762,VERMONT,2011,291,7576,3.470833333333333,4.365833333333334,1.73,27.27
763,VIRGINIA,2011,1280,4037,0.3658333333333333,-0.6591666666666666,0.32,27.27
764,WASHINGTON,2011,123,6215,1.6266666666666667,2.645,0.41,27.27
765,WEST VIRGINIA,2011,892,4845,1.3466666666666665,1.205833333333333,1.06,27.27
766,WISCONSIN,2011,586,7523,1.39,1.9666666666666663,-0.05,27.27
767,WYOMING,2011,313,8655,1.8716666666666668,2.9133333333333336,0.99,27.27
768,ALABAMA,2012,2037,2202,-1.1216666666666668,-1.925,-0.28,59.275
769,ARIZONA,2012,3182,1781,-3.5475,-3.5475,-1.36,59.275
770,ARKANSAS,2012,2155,2725,-2.493333333333333,-2.493333333333333,-1.34,59.275
771,CALIFORNIA,2012,1021,2741,-1.5983333333333334,-1.7458333333333336,-0.33,59.275
772,COLORADO,2012,499,6402,-4.626666666666666,-4.626666666666666,-2.72,59.275
773,CONNECTICUT,2012,701,5032,-1.893333333333333,-1.4225,-0.91,59.275
774,DELAWARE,2012,1332,3860,-1.6941666666666668,-2.7416666666666667,-0.96,59.275
775,FLORIDA,2012,3553,546,-1.5083333333333335,-3.2625,-0.37,59.275
776,GEORGIA,2012,1823,2321,-4.1866666666666665,-4.1866666666666665,-1.08,59.275
777,IDAHO,2012,570,6525,-0.3616666666666668,0.2916666666666667,-0.09,59.275
778,ILLINOIS,2012,1159,5139,-2.3525000000000005,-2.1025000000000005,-1.44,59.275
779,INDIANA,2012,1142,4832,-0.6741666666666667,-1.235,-1.21,59.275
780,IOWA,2012,1070,5730,-2.9058333333333337,-2.9058333333333337,-1.52,59.275
781,KANSAS,2012,1825,3945,-2.7616666666666667,-2.7616666666666667,-1.52,59.275
782,KENTUCKY,2012,1396,3786,-0.8108333333333334,-0.4275000000000001,-0.63,59.275
783,LOUISIANA,2012,2845,1286,-0.6849999999999997,-0.8966666666666664,0.29,59.275
784,MAINE,2012,289,7088,0.27,0.8116666666666665,0.28,59.275
785,MARYLAND,2012,1305,3953,-1.3933333333333335,-0.7799999999999999,-0.65,59.275
786,MASSACHUSETTS,2012,597,5300,-1.4908333333333337,-0.95,-0.62,59.275
787,MICHIGAN,2012,769,5781,-1.0466666666666666,-0.9716666666666668,-0.73,59.275
788,MINNESOTA,2012,638,7391,-3.2550000000000003,-3.2550000000000003,-1.11,59.275
789,MISSISSIPPI,2012,2297,1956,0.006666666666666636,-0.16166666666666682,0.26,59.275
790,MISSOURI,2012,1608,4072,-2.6375,-2.6375,-1.57,59.275
791,MONTANA,2012,296,7990,-2.2183333333333333,-1.0466666666666666,-1.01,59.275
792,NEBRASKA,2012,1306,5363,-3.4841666666666664,-2.54,-2.24,59.275
793,NEVADA,2012,2347,3220,-3.755,-3.56,-1.59,59.275
794,NEW HAMPSHIRE,2012,371,6590,-0.029166666666666688,0.2316666666666666,-0.18,59.275
795,NEW JERSEY,2012,1001,4445,-1.080833333333333,-1.095,-0.64,59.275
796,NEW MEXICO,2012,1143,4132,-4.733333333333333,-4.733333333333333,-1.91,59.275
797,NEW YORK,2012,724,5176,-0.9708333333333335,0.2533333333333334,-0.57,59.275
798,NORTH CAROLINA,2012,1506,2959,-1.018333333333333,-1.9933333333333332,-0.46,59.275
799,NORTH DAKOTA,2012,595,8187,-1.0424999999999998,0.3625,-0.93,59.275
800,OHIO,2012,960,4990,-0.2141666666666667,0.8416666666666667,-0.41,59.275
801,OKLAHOMA,2012,2343,2865,-3.0258333333333334,-3.0258333333333334,-1.28,59.275
802,OREGON,2012,208,5423,1.3175,1.0366666666666668,0.81,59.275
803,PENNSYLVANIA,2012,824,5027,-0.1358333333333334,1.9633333333333336,-0.14,59.275
804,RHODE ISLAND,2012,620,5007,-0.3399999999999999,-0.6816666666666666,-0.53,59.275
805,SOUTH CAROLINA,2012,1980,2189,-1.6925000000000006,-3.5625,-0.51,59.275
806,SOUTH DAKOTA,2012,995,6588,-2.8325,-0.8399999999999999,-1.62,59.275
807,TENNESSEE,2012,1554,3187,-1.0208333333333337,-1.1999999999999995,-0.76,59.275
808,TEXAS,2012,3096,1416,-4.067500000000001,-4.067500000000001,-0.96,59.275
809,UTAH,2012,626,6429,-3.3058333333333327,-2.5325,-1.68,59.275
810,VERMONT,2012,297,6965,-1.5066666666666666,0.4575000000000001,-0.45,59.275
811,VIRGINIA,2012,1225,3757,-1.1141666666666663,-0.8583333333333334,-0.64,59.275
812,WASHINGTON,2012,165,5798,1.93,1.6658333333333335,1.22,59.275
813,WEST VIRGINIA,2012,905,4530,-0.29583333333333345,0.5133333333333333,-0.22,59.275
814,WISCONSIN,2012,745,6456,-1.6366666666666665,-1.8583333333333327,-0.88,59.275
815,WYOMING,2012,444,7427,-3.966666666666667,-3.7325,-2.49,59.275
816,ALABAMA,2013,1719,2818,2.0841666666666665,2.0841666666666665,1.07,24.185
817,ARIZONA,2013,3032,2097,-2.658333333333333,-2.658333333333333,-0.39,24.185
818,ARKANSAS,2013,1639,3713,0.6616666666666666,-0.5616666666666669,0.48,24.185
819,CALIFORNIA,2013,965,2707,-2.835833333333333,-2.835833333333333,-1.86,24.185
820,COLORADO,2013,364,7483,-3.620833333333332,-5.131666666666667,-0.72,24.185
821,CONNECTICUT,2013,644,5933,-0.9441666666666664,-0.6791666666666666,-0.37,24.185
822,DELAWARE,2013,1090,4588,1.155,0.7824999999999999,0.78,24.185
823,FLORIDA,2013,3611,545,0.6816666666666666,0.20000000000000004,0.22,24.185
824,GEORGIA,2013,1491,2923,2.458333333333333,1.555,1.54,24.185
825,IDAHO,2013,646,7216,-1.8941666666666668,-1.8941666666666668,-1.3,24.185
826,ILLINOIS,2013,809,6601,0.425,0.5816666666666667,0.54,24.185
827,INDIANA,2013,833,5961,0.59,0.3175,0.67,24.185
828,IOWA,2013,798,7408,-1.2058333333333335,-0.9741666666666668,0.0,24.185
829,KANSAS,2013,1374,5354,-2.2383333333333333,-2.2383333333333333,0.04,24.185
830,KENTUCKY,2013,1081,4698,2.0175,2.0175,1.24,24.185
831,LOUISIANA,2013,2519,1819,0.06999999999999999,0.8424999999999998,0.25,24.185
832,MAINE,2013,260,7759,1.0875,0.9516666666666668,0.48,24.185
833,MARYLAND,2013,1039,4716,0.5691666666666667,0.7566666666666667,0.46,24.185
834,MASSACHUSETTS,2013,588,6176,-0.3258333333333333,0.08750000000000002,0.02,24.185
835,MICHIGAN,2013,537,7018,2.1933333333333334,2.1933333333333334,1.19,24.185
836,MINNESOTA,2013,453,9376,0.12416666666666665,-0.5299999999999999,0.42,24.185
837,MISSISSIPPI,2013,2001,2603,2.256666666666667,2.256666666666667,0.63,24.185
838,MISSOURI,2013,1145,5452,1.0116666666666667,0.5158333333333333,0.76,24.185
839,MONTANA,2013,257,8554,0.2658333333333335,-0.3408333333333335,0.23,24.185
840,NEBRASKA,2013,1005,6720,-3.4708333333333337,-3.4708333333333337,-0.19,24.185
841,NEVADA,2013,2174,3659,-4.254166666666666,-4.254166666666666,-1.37,24.185
842,NEW HAMPSHIRE,2013,348,7473,0.8208333333333333,0.7158333333333333,0.2,24.185
843,NEW JERSEY,2013,845,5254,0.14750000000000005,0.1708333333333334,0.15,24.185
844,NEW MEXICO,2013,1025,4814,-4.090833333333333,-4.090833333333333,-0.53,24.185
845,NEW YORK,2013,617,6104,1.015,0.7341666666666667,0.57,24.185
846,NORTH CAROLINA,2013,1271,3537,1.6266666666666667,1.32,1.0,24.185
847,NORTH DAKOTA,2013,467,10073,3.2275,2.5166666666666666,2.06,24.185
848,OHIO,2013,715,5908,1.1541666666666668,1.5175,0.79,24.185
849,OKLAHOMA,2013,1800,3995,-0.67,-1.1233333333333333,0.41,24.185
850,OREGON,2013,257,5419,-1.3558333333333337,-1.08,-0.9,24.185
851,PENNSYLVANIA,2013,666,5848,0.4283333333333334,0.7216666666666667,0.11,24.185
852,RHODE ISLAND,2013,633,5827,-0.7058333333333332,-0.2583333333333333,-0.32,24.185
853,SOUTH CAROLINA,2013,1685,2709,0.9833333333333332,1.3158333333333332,1.08,24.185
854,SOUTH DAKOTA,2013,689,8305,1.195,0.4858333333333334,1.6,24.185
855,TENNESSEE,2013,1217,4038,2.6075000000000004,2.6075000000000004,1.35,24.185
856,TEXAS,2013,2746,2017,-3.9725,-3.9725,-0.78,24.185
857,UTAH,2013,591,7530,-3.375,-3.375,-0.69,24.185
858,VERMONT,2013,270,7937,0.9908333333333332,0.8508333333333334,0.47,24.185
859,VIRGINIA,2013,998,4430,1.755,1.755,1.17,24.185
860,WASHINGTON,2013,224,5761,-0.0675,0.545,-0.34,24.185
861,WEST VIRGINIA,2013,711,5279,0.7033333333333335,0.9225,0.57,24.185
862,WISCONSIN,2013,464,8188,1.7525000000000002,1.205833333333333,0.86,24.185
863,WYOMING,2013,346,8522,-3.5058333333333334,-5.2125,-0.86,24.185
864,ALABAMA,2014,1829,3128,0.7074999999999999,1.5983333333333336,0.09,5.62
865,ARIZONA,2014,3078,1607,-3.2883333333333327,-3.2883333333333327,-1.21,5.62
866,ARKANSAS,2014,1525,3942,0.5658333333333334,0.9124999999999998,0.28,5.62
867,CALIFORNIA,2014,1176,2092,-5.756666666666668,-5.756666666666668,-1.69,5.62
868,COLORADO,2014,261,7155,0.685,-0.5016666666666666,0.26,5.62
869,CONNECTICUT,2014,528,6208,-1.143333333333333,-1.143333333333333,-0.26,5.62
870,DELAWARE,2014,1016,4919,0.5141666666666667,1.2700000000000002,0.01,5.62
871,FLORIDA,2014,3451,719,0.7558333333333334,1.0508333333333333,0.55,5.62
872,GEORGIA,2014,1644,3166,0.8816666666666667,1.8425,0.08,5.62
873,IDAHO,2014,530,6521,-2.1125000000000003,-2.1125000000000003,-0.21,5.62
874,ILLINOIS,2014,729,7151,1.0941666666666665,1.0941666666666665,0.97,5.62
875,INDIANA,2014,748,6564,1.8166666666666664,1.8166666666666664,0.94,5.62
876,IOWA,2014,656,7745,1.1816666666666669,0.7741666666666668,1.03,5.62
877,KANSAS,2014,1343,5304,-0.425,-1.3575,-0.36,5.62
878,KENTUCKY,2014,1110,5014,2.225,2.225,0.32,5.62
879,LOUISIANA,2014,2420,2098,0.3341666666666667,0.6075,0.26,5.62
880,MAINE,2014,232,7972,2.1291666666666664,2.1291666666666664,0.81,5.62
881,MARYLAND,2014,969,5087,0.635,1.5716666666666663,0.22,5.62
882,MASSACHUSETTS,2014,443,6402,0.4791666666666667,0.4875,0.53,5.62
883,MICHIGAN,2014,442,7676,2.4691666666666667,2.8008333333333333,1.22,5.62
884,MINNESOTA,2014,395,9630,0.46,1.7925000000000002,0.6,5.62
885,MISSISSIPPI,2014,1996,2879,1.0333333333333332,1.6200000000000003,0.44,5.62
886,MISSOURI,2014,1107,5695,0.4425000000000001,0.5483333333333333,0.3,5.62
887,MONTANA,2014,191,8604,1.2791666666666666,1.925,0.77,5.62
888,NEBRASKA,2014,830,6698,0.4900000000000001,0.4900000000000001,0.55,5.62
889,NEVADA,2014,2253,2934,-4.4125,-4.4125,-1.35,5.62
890,NEW HAMPSHIRE,2014,247,7798,1.5358333333333334,1.5358333333333334,0.65,5.62
891,NEW JERSEY,2014,753,5624,0.4216666666666667,0.5983333333333333,0.35,5.62
892,NEW MEXICO,2014,979,4313,-1.57,-3.1366666666666667,-0.99,5.62
893,NEW YORK,2014,540,6404,1.3316666666666668,2.1008333333333336,0.53,5.62
894,NORTH CAROLINA,2014,1384,3717,0.7116666666666666,1.4391666666666667,0.19,5.62
895,NORTH DAKOTA,2014,359,9837,3.5341666666666667,5.430833333333335,1.4,5.62
896,OHIO,2014,643,6457,2.2391666666666663,2.2391666666666663,0.4,5.62
897,OKLAHOMA,2014,1815,3944,-0.3816666666666666,0.003333333333333318,-0.25,5.62
898,OREGON,2014,358,4736,-1.416666666666667,-1.416666666666667,-0.1,5.62
899,PENNSYLVANIA,2014,573,6308,0.7358333333333337,1.2475,0.25,5.62
900,RHODE ISLAND,2014,492,6021,-0.0425,-0.26166666666666666,0.09,5.62
901,SOUTH CAROLINA,2014,1867,2940,0.08166666666666669,0.9058333333333336,-0.03,5.62
902,SOUTH DAKOTA,2014,513,8197,5.052499999999998,5.052499999999998,1.54,5.62
903,TENNESSEE,2014,1273,4282,2.23,2.23,0.56,5.62
904,TEXAS,2014,2683,2093,-2.498333333333333,-2.9125,-0.8,5.62
905,UTAH,2014,491,6558,-2.710833333333333,-2.710833333333333,-0.83,5.62
906,VERMONT,2014,185,8312,0.9575,1.765,0.45,5.62
907,VIRGINIA,2014,994,4705,0.9291666666666668,1.7141666666666664,0.15,5.62
908,WASHINGTON,2014,271,5266,0.16833333333333333,0.8116666666666666,0.44,5.62
909,WEST VIRGINIA,2014,676,5614,0.21,0.9358333333333334,-0.01,5.62
910,WISCONSIN,2014,405,8681,2.4400000000000004,2.4400000000000004,1.12,5.62
911,WYOMING,2014,206,8248,1.965833333333333,1.9350000000000005,0.93,5.62
912,ALABAMA,2015,2088,2421,-0.5533333333333333,-0.4541666666666668,0.17,5.49
913,ARIZONA,2015,3096,1808,-0.5975,-1.5258333333333332,-0.16,5.49
914,ARKANSAS,2015,1877,3297,1.4241666666666666,1.5308333333333335,1.13,5.49
915,CALIFORNIA,2015,1158,2342,-4.7975,-4.7975,-1.39,5.49
916,COLORADO,2015,338,6668,1.4025,1.58,0.72,5.49
917,CONNECTICUT,2015,712,5944,-2.2833333333333337,-2.2833333333333337,-1.25,5.49
918,DELAWARE,2015,1292,4489,-0.17583333333333334,0.07249999999999991,0.0,5.49
919,FLORIDA,2015,4157,483,-1.1533333333333329,-1.1533333333333329,-0.81,5.49
920,GEORGIA,2015,1872,2550,0.04249999999999998,-0.2041666666666666,0.11,5.49
921,IDAHO,2015,596,6134,-2.365,-2.365,-0.85,5.49
922,ILLINOIS,2015,846,5993,2.731666666666667,2.731666666666667,1.25,5.49
923,INDIANA,2015,876,5605,2.6766666666666663,2.6766666666666663,0.86,5.49
924,IOWA,2015,763,6446,3.1558333333333337,3.1558333333333337,1.62,5.49
925,KANSAS,2015,1515,4488,0.9675,0.82,0.65,5.49
926,KENTUCKY,2015,1247,4298,2.6358333333333333,2.6358333333333333,1.21,5.49
927,LOUISIANA,2015,2978,1527,0.28250000000000003,0.3499999999999999,0.35,5.49
928,MAINE,2015,252,8037,0.2533333333333333,0.9541666666666666,0.0,5.49
929,MARYLAND,2015,1237,4615,-0.12999999999999998,0.4783333333333333,0.2,5.49
930,MASSACHUSETTS,2015,589,6273,-0.9508333333333332,-0.7408333333333333,-0.63,5.49
931,MICHIGAN,2015,561,6720,-0.64,1.1608333333333332,-0.28,5.49
932,MINNESOTA,2015,466,7893,0.2591666666666666,-0.29999999999999993,0.33,5.49
933,MISSISSIPPI,2015,2382,2166,0.09833333333333333,0.4966666666666666,0.07,5.49
934,MISSOURI,2015,1274,4722,2.435,2.435,1.58,5.49
935,MONTANA,2015,233,7692,-1.2483333333333333,-0.9291666666666666,-0.78,5.49
936,NEBRASKA,2015,962,5785,2.61,2.61,1.23,5.49
937,NEVADA,2015,2277,3098,-3.754166666666667,-4.845833333333333,-1.27,5.49
938,NEW HAMPSHIRE,2015,330,7603,0.006666666666666675,-0.14833333333333334,-0.2,5.49
939,NEW JERSEY,2015,1009,5180,-0.39083333333333337,-0.2758333333333334,-0.39,5.49
940,NEW MEXICO,2015,1053,4352,1.375,0.775,0.87,5.49
941,NEW YORK,2015,726,6084,-0.4466666666666666,0.29916666666666664,-0.22,5.49
942,NORTH CAROLINA,2015,1633,3154,0.3366666666666666,0.455,0.5,5.49
943,NORTH DAKOTA,2015,500,8370,-0.075,2.395,0.03,5.49
944,OHIO,2015,791,5681,0.9224999999999998,1.7575,0.51,5.49
945,OKLAHOMA,2015,1962,3409,2.5825,2.5825,2.02,5.49
946,OREGON,2015,371,4490,-2.9483333333333333,-2.9483333333333333,-1.13,5.49
947,PENNSYLVANIA,2015,781,5720,-0.2983333333333333,0.1708333333333333,-0.05,5.49
948,RHODE ISLAND,2015,640,5881,-1.0916666666666666,-1.0916666666666666,-0.72,5.49
949,SOUTH CAROLINA,2015,2143,2365,0.3033333333333334,0.3033333333333334,0.68,5.49
950,SOUTH DAKOTA,2015,686,7020,3.478333333333334,3.478333333333334,0.92,5.49
951,TENNESSEE,2015,1461,3568,1.9625,1.9625,0.72,5.49
952,TEXAS,2015,2905,1863,3.3608333333333333,3.0275,2.08,5.49
953,UTAH,2015,542,6332,-2.3925,-2.3925,-0.59,5.49
954,VERMONT,2015,271,8085,-0.4649999999999999,0.21583333333333327,-0.24,5.49
955,VIRGINIA,2015,1214,4157,0.8550000000000001,1.0533333333333337,0.62,5.49
956,WASHINGTON,2015,311,4897,-1.7483333333333333,-2.2325,-0.83,5.49
957,WEST VIRGINIA,2015,868,4926,0.385,0.7883333333333332,0.32,5.49
958,WISCONSIN,2015,466,7215,1.6725,1.6725,0.69,5.49
959,WYOMING,2015,282,7590,-0.11833333333333332,0.6641666666666668,-0.16,5.49
960,ALABAMA,2016,2305,2349,-1.6916666666666664,-1.0941666666666665,-1.37,8.78
961,ARIZONA,2016,3180,1654,-2.0558333333333336,-2.0558333333333336,-0.91,8.78
962,ARKANSAS,2016,2011,2960,1.058333333333333,1.468333333333333,-0.15,8.78
963,CALIFORNIA,2016,1024,2438,-1.3833333333333335,-1.926666666666667,0.08,8.78
964,COLORADO,2016,358,6675,0.35999999999999993,0.5966666666666666,-0.37,8.78
965,CONNECTICUT,2016,796,5367,-3.648333333333333,-3.648333333333333,-1.27,8.78
966,DELAWARE,2016,1356,4244,-0.14000000000000004,0.045833333333333316,0.06,8.78
967,FLORIDA,2016,3853,559,-0.6316666666666667,-0.695,-0.48,8.78
968,GEORGIA,2016,2097,2521,-2.0066666666666664,-1.455833333333333,-1.46,8.78
969,IDAHO,2016,446,6461,-0.8391666666666667,-1.4466666666666663,-0.21,8.78
970,ILLINOIS,2016,1091,5534,2.7533333333333334,2.7533333333333334,0.36,8.78
971,INDIANA,2016,1109,5133,2.3341666666666665,2.3341666666666665,0.54,8.78
972,IOWA,2016,942,6093,4.159166666666667,4.159166666666667,0.8,8.78
973,KANSAS,2016,1638,4196,2.1908333333333334,2.1908333333333334,0.44,8.78
974,KENTUCKY,2016,1497,4072,1.2591666666666668,1.7283333333333335,0.01,8.78
975,LOUISIANA,2016,2971,1373,1.080833333333333,2.2225,0.66,8.78
976,MAINE,2016,293,7285,-0.395,-0.2924999999999999,-0.38,8.78
977,MARYLAND,2016,1325,4370,-0.12416666666666668,-0.23666666666666664,-0.41,8.78
978,MASSACHUSETTS,2016,666,5717,-2.5225000000000004,-2.5225000000000004,-1.21,8.78
979,MICHIGAN,2016,769,6162,0.59,0.7241666666666666,0.34,8.78
980,MINNESOTA,2016,508,7597,2.999166666666667,2.999166666666667,1.39,8.78
981,MISSISSIPPI,2016,2499,2088,-0.31,-0.18666666666666676,-0.59,8.78
982,MISSOURI,2016,1487,4392,1.94,2.566666666666667,-0.18,8.78
983,MONTANA,2016,184,7871,-1.115,-1.295,-0.18,8.78
984,NEBRASKA,2016,1107,5563,3.7466666666666666,3.7466666666666666,0.68,8.78
985,NEVADA,2016,2238,3210,-0.3758333333333333,-1.524166666666667,-0.1,8.78
986,NEW HAMPSHIRE,2016,376,6924,-1.1791666666666667,-1.3791666666666669,-0.84,8.78
987,NEW JERSEY,2016,1061,4836,-1.9408333333333327,-1.9408333333333327,-0.95,8.78
988,NEW MEXICO,2016,1058,4154,-1.1991666666666665,-1.2333333333333334,-0.78,8.78
989,NEW YORK,2016,797,5562,-0.9333333333333336,-1.3975,-0.67,8.78
990,NORTH CAROLINA,2016,1760,3158,0.07666666666666673,1.1858333333333333,-0.16,8.78
991,NORTH DAKOTA,2016,486,8018,0.2366666666666666,0.3575,0.31,8.78
992,OHIO,2016,1042,5243,-0.6925,-0.1975,-0.62,8.78
993,OKLAHOMA,2016,2175,3036,1.0041666666666662,2.621666666666666,-0.43,8.78
994,OREGON,2016,223,4881,-1.1058333333333334,-1.3258333333333334,-0.16,8.78
995,PENNSYLVANIA,2016,907,5391,-1.2733333333333332,-1.4633333333333332,-0.78,8.78
996,RHODE ISLAND,2016,721,5354,-1.3416666666666666,-1.8216666666666668,-0.64,8.78
997,SOUTH CAROLINA,2016,2309,2393,-0.4925,0.9275000000000002,-0.44,8.78
998,SOUTH DAKOTA,2016,776,6820,2.660833333333333,2.660833333333333,0.4,8.78
999,TENNESSEE,2016,1766,3437,-1.1091666666666666,0.19500000000000006,-0.8,8.78
1000,TEXAS,2016,3060,1506,2.806666666666666,4.276666666666667,0.84,8.78
1001,UTAH,2016,580,6594,-0.91,-1.34,-0.36,8.78
1002,VERMONT,2016,294,7421,-0.8525000000000001,-0.9716666666666668,-0.71,8.78
1003,VIRGINIA,2016,1335,4061,0.9258333333333332,1.575,0.08,8.78
1004,WASHINGTON,2016,176,5134,0.1975000000000001,0.1725,0.05,8.78
1005,WEST VIRGINIA,2016,1048,4743,-0.3958333333333333,-0.4083333333333334,-0.29,8.78
1006,WISCONSIN,2016,642,6851,3.442499999999999,3.442499999999999,1.09,8.78
1007,WYOMING,2016,308,7689,-0.28916666666666674,-0.8908333333333335,-0.31,8.78
1008,ALABAMA,2017,1922,2123,0.8733333333333335,0.6316666666666667,0.85,12.825
1009,ARIZONA,2017,3302,1501,-1.7175,-1.7175,-1.0,12.825
1010,ARKANSAS,2017,1687,2733,-0.3241666666666665,-0.2666666666666666,0.01,12.825
1011,CALIFORNIA,2017,1166,2442,-0.030000000000000176,1.7958333333333332,0.16,12.825
1012,COLORADO,2017,318,6480,-0.023333333333333373,-0.2866666666666666,-0.25,12.825
1013,CONNECTICUT,2017,592,5442,-2.645,-2.645,-0.4,12.825
1014,DELAWARE,2017,1163,4046,-0.37666666666666665,-0.2625,-0.2,12.825
1015,FLORIDA,2017,3882,451,-0.4974999999999999,-0.835,0.02,12.825
1016,GEORGIA,2017,1753,2245,-0.6100000000000002,-1.6450000000000005,-0.02,12.825
1017,IDAHO,2017,607,7012,0.3641666666666668,1.98,0.43,12.825
1018,ILLINOIS,2017,844,5532,0.4550000000000001,0.9258333333333334,-0.13,12.825
1019,INDIANA,2017,840,4988,2.1758333333333337,2.1758333333333337,0.61,12.825
1020,IOWA,2017,807,6230,2.516666666666667,2.516666666666667,0.08,12.825
1021,KANSAS,2017,1406,4233,0.5908333333333334,1.4458333333333335,0.21,12.825
1022,KENTUCKY,2017,1161,3800,0.5125,0.3858333333333333,0.48,12.825
1023,LOUISIANA,2017,2741,1172,0.05500000000000002,1.3283333333333334,0.46,12.825
1024,MAINE,2017,215,7515,0.19416666666666665,-0.09750000000000003,0.02,12.825
1025,MARYLAND,2017,1108,4111,-0.695,-0.8999999999999999,-0.35,12.825
1026,MASSACHUSETTS,2017,475,5801,-0.3549999999999999,-1.3166666666666669,0.07,12.825
1027,MICHIGAN,2017,561,6233,2.188333333333333,2.188333333333333,1.26,12.825
1028,MINNESOTA,2017,401,8149,3.4249999999999994,3.4249999999999994,0.72,12.825
1029,MISSISSIPPI,2017,2156,1815,0.020833333333333297,0.5150000000000001,0.4,12.825
1030,MISSOURI,2017,1252,4284,0.19666666666666655,0.555,-0.04,12.825
1031,MONTANA,2017,287,8434,0.009166666666666698,-0.7383333333333334,-0.5,12.825
1032,NEBRASKA,2017,997,5813,1.774166666666667,1.774166666666667,0.43,12.825
1033,NEVADA,2017,2298,3131,1.3999999999999997,1.6766666666666663,0.3,12.825
1034,NEW HAMPSHIRE,2017,251,7106,0.5391666666666667,0.24416666666666656,0.39,12.825
1035,NEW JERSEY,2017,834,4771,-0.8074999999999998,-1.1716666666666666,-0.17,12.825
1036,NEW MEXICO,2017,1020,3801,-0.4124999999999999,-0.5,-0.43,12.825
1037,NEW YORK,2017,581,5628,1.8941666666666663,1.6383333333333336,0.91,12.825
1038,NORTH CAROLINA,2017,1533,2901,-0.3758333333333333,-0.11749999999999995,-0.29,12.825
1039,NORTH DAKOTA,2017,472,8842,-1.8116666666666663,-1.2508333333333332,-1.16,12.825
1040,OHIO,2017,733,5075,1.2708333333333333,0.8008333333333334,0.84,12.825
1041,OKLAHOMA,2017,1855,2918,0.1825,-0.17833333333333345,0.21,12.825
1042,OREGON,2017,350,5369,0.2691666666666668,1.805833333333334,0.16,12.825
1043,PENNSYLVANIA,2017,662,5270,1.163333333333333,0.5825,0.51,12.825
1044,RHODE ISLAND,2017,531,5428,0.30916666666666665,-0.0116666666666667,0.23,12.825
1045,SOUTH CAROLINA,2017,2054,2089,-0.10583333333333332,0.00250000000000003,-0.25,12.825
1046,SOUTH DAKOTA,2017,690,7241,-0.1458333333333333,0.12916666666666676,-0.4,12.825
1047,TENNESSEE,2017,1368,3167,0.8958333333333334,0.16999999999999996,0.56,12.825
1048,TEXAS,2017,2943,1342,-0.86,0.6233333333333334,-0.16,12.825
1049,UTAH,2017,608,6683,-0.2641666666666667,0.335,-0.25,12.825
1050,VERMONT,2017,168,7614,0.2924999999999999,0.2183333333333333,0.33,12.825
1051,VIRGINIA,2017,1129,3786,-0.5741666666666667,-0.2575,-0.47,12.825
1052,WASHINGTON,2017,256,5804,0.4208333333333333,1.3058333333333334,0.34,12.825
1053,WEST VIRGINIA,2017,727,4496,0.2141666666666667,0.3308333333333333,0.18,12.825
1054,WISCONSIN,2017,465,7097,4.225,4.225,1.15,12.825
1055,WYOMING,2017,289,7904,0.6091666666666667,1.2341666666666666,0.52,12.825
1056,ALABAMA,2018,2245,2688,1.19,1.19,0.56,3.75
1057,ARIZONA,2018,3230,1753,-3.3441666666666663,-4.259166666666666,-1.1,3.75
1058,ARKANSAS,2018,2055,3593,0.7749999999999999,0.8074999999999998,0.91,3.75
1059,CALIFORNIA,2018,1100,2546,-2.875,-2.875,-0.98,3.75
1060,COLORADO,2018,395,6872,-3.3291666666666675,-4.6691666666666665,-2.02,3.75
1061,CONNECTICUT,2018,815,5747,1.0816666666666668,0.6308333333333334,1.17,3.75
1062,DELAWARE,2018,1380,4507,1.6933333333333334,1.6933333333333334,1.45,3.75
1063,FLORIDA,2018,3823,595,0.3866666666666667,0.4766666666666667,0.43,3.75
1064,GEORGIA,2018,2011,2777,0.7525000000000001,0.6241666666666666,0.9,3.75
1065,IDAHO,2018,524,6694,-1.0566666666666666,-0.9366666666666666,-0.58,3.75
1066,ILLINOIS,2018,1106,6416,1.5991666666666668,1.5991666666666668,1.16,3.75
1067,INDIANA,2018,1173,5805,2.9166666666666665,2.9166666666666665,1.36,3.75
1068,IOWA,2018,1004,7265,2.5216666666666665,2.5216666666666665,1.81,3.75
1069,KANSAS,2018,1694,5209,-0.6875,-1.0875,0.02,3.75
1070,KENTUCKY,2018,1537,4453,3.158333333333333,3.158333333333333,1.67,3.75
1071,LOUISIANA,2018,3000,1697,-0.4983333333333333,-0.040000000000000036,0.3,3.75
1072,MAINE,2018,337,7833,0.2133333333333333,0.22916666666666666,0.31,3.75
1073,MARYLAND,2018,1352,4657,2.6516666666666664,2.345,2.17,3.75
1074,MASSACHUSETTS,2018,711,6062,1.3391666666666666,1.26,1.37,3.75
1075,MICHIGAN,2018,778,6857,2.4775,2.4775,0.73,3.75
1076,MINNESOTA,2018,560,9010,2.8016666666666667,2.8016666666666667,1.06,3.75
1077,MISSISSIPPI,2018,2469,2473,0.3508333333333333,0.8825000000000002,0.51,3.75
1078,MISSOURI,2018,1603,5309,-0.5549999999999999,-1.0850000000000002,0.1,3.75
1079,MONTANA,2018,174,8731,0.4908333333333334,0.8791666666666665,0.41,3.75
1080,NEBRASKA,2018,1110,6820,2.69,2.69,1.59,3.75
1081,NEVADA,2018,2437,3311,-2.484166666666667,-3.4691666666666667,-1.46,3.75
1082,NEW HAMPSHIRE,2018,437,7425,0.7566666666666667,0.8791666666666668,0.74,3.75
1083,NEW JERSEY,2018,1075,5184,1.9941666666666664,1.9941666666666664,1.65,3.75
1084,NEW MEXICO,2018,1201,4302,-3.5333333333333337,-3.5333333333333337,-1.18,3.75
1085,NEW YORK,2018,793,6060,2.1125,2.1125,1.1,3.75
1086,NORTH CAROLINA,2018,1797,3410,1.7516666666666667,1.6458333333333333,1.7,3.75
1087,NORTH DAKOTA,2018,527,9673,-1.5166666666666666,-2.188333333333333,-0.26,3.75
1088,OHIO,2018,1067,5758,3.2258333333333336,3.2258333333333336,1.69,3.75
1089,OKLAHOMA,2018,2146,3819,0.0824999999999999,-0.0316666666666667,0.66,3.75
1090,OREGON,2018,283,5066,-2.6508333333333334,-2.6508333333333334,-1.29,3.75
1091,PENNSYLVANIA,2018,890,5776,4.1400000000000015,4.1400000000000015,2.74,3.75
1092,RHODE ISLAND,2018,761,5639,1.0116666666666667,1.3100000000000005,1.24,3.75
1093,SOUTH CAROLINA,2018,2256,2616,0.2025,0.2483333333333333,0.68,3.75
1094,SOUTH DAKOTA,2018,749,8221,1.2916666666666667,1.2916666666666667,1.02,3.75
1095,TENNESSEE,2018,1719,3849,2.9375,2.9375,1.37,3.75
1096,TEXAS,2018,3020,1983,-0.64,-0.9166666666666666,0.31,3.75
1097,UTAH,2018,684,6764,-2.9925,-4.235,-1.56,3.75
1098,VERMONT,2018,358,7997,0.047499999999999966,-0.049166666666666727,0.39,3.75
1099,VIRGINIA,2018,1397,4325,2.495833333333333,2.0908333333333333,2.14,3.75
1100,WASHINGTON,2018,239,5399,-1.346666666666667,-1.1916666666666669,-0.64,3.75
1101,WEST VIRGINIA,2018,1073,5099,3.231666666666667,3.231666666666667,2.38,3.75
1102,WISCONSIN,2018,625,7798,3.3075,3.3075,1.35,3.75
1103,WYOMING,2018,275,8187,-0.0375,-0.0375,-0.11,3.75
